Seq No.,Location,AccX,AccY,AccZ,Classs
1,Kidnapping,1.072999954,-1.991999984,10.42000008,1
2,Kidnapping,-0.458999991,-3.523999929,9.80700016,1
3,Kidnapping,-0.152999997,-2.911000013,8.581000328,1
4,Kidnapping,-1.072000027,-3.523999929,9.347000122,1
5,Kidnapping,-1.072000027,-2.757999897,8.887000084,1
6,Kidnapping,-0.305999994,-2.298000097,9.654000282,1
7,Kidnapping,-1.072000027,-2.604000092,10.42000008,1
8,Kidnapping,1.072999954,-6.742000103,11.33899975,1
9,Kidnapping,-3.217000008,3.217000008,5.669000149,1
10,Kidnapping,-3.523000002,-5.822000027,13.94400024,1
11,Kidnapping,-5.209000111,-2.604000092,8.12100029,1
12,Kidnapping,0.612999976,-3.523999929,11.95199966,1
13,Kidnapping,0.612999976,-3.677000046,9.041000366,1
14,Kidnapping,-0.152999997,-5.056000233,11.95199966,1
15,Kidnapping,1.991999984,-1.991999984,8.12100029,1
16,Kidnapping,0,0.91900003,5.669000149,1
17,Kidnapping,1.68599999,1.838000059,5.975999832,1
18,Kidnapping,3.065000057,3.371000051,5.210000038,1
19,Kidnapping,9.80700016,5.822000027,7.507999897,1
20,Kidnapping,6.589000225,4.902999878,1.072000027,1
21,Kidnapping,3.065000057,6.129000187,4.137000084,1
22,Kidnapping,7.507999897,2.911000013,7.815000057,1
23,Kidnapping,6.129000187,3.983999968,4.75,1
24,Kidnapping,6.742000103,3.063999891,8.734000206,1
25,Kidnapping,7.507999897,3.217000008,5.362999916,1
26,Kidnapping,5.975999832,3.063999891,4.75,1
27,Kidnapping,5.515999794,3.983999968,6.282000065,1
28,Kidnapping,4.597000122,3.677000046,5.515999794,1
29,Kidnapping,3.677999973,0.765999973,6.742000103,1
30,Kidnapping,0,-0.458999991,10.57299995,1
31,Kidnapping,1.378999949,0.458999991,10.42000008,1
32,Kidnapping,0,-1.072000027,7.048999786,1
33,Kidnapping,0.612999976,-0.152999997,9.960000038,1
34,Kidnapping,-1.991000056,-1.684999943,8.274000168,1
35,Kidnapping,-2.298000097,-3.217000008,8.274000168,1
36,Kidnapping,-3.063999891,-3.983999968,7.815000057,1
37,Kidnapping,-4.44299984,-3.983999968,6.282000065,1
38,Kidnapping,-3.829999924,-4.44299984,5.822999954,1
39,Kidnapping,-7.201000214,-5.056000233,5.056000233,1
40,Kidnapping,-7.660999775,-5.669000149,3.371000051,1
41,Kidnapping,-8.427000046,-6.129000187,2.757999897,1
42,Kidnapping,-8.274000168,-5.975999832,2.298000097,1
43,Kidnapping,-8.274000168,-6.129000187,0,1
44,Kidnapping,-9.5,-6.129000187,0.91900003,1
45,Kidnapping,-7.047999859,-5.669000149,0.612999976,1
46,Kidnapping,-7.507999897,-5.669000149,0,1
47,Kidnapping,-7.507999897,-5.669000149,0.91900003,1
48,Kidnapping,-7.354000092,-5.209000111,-2.450999975,1
49,Kidnapping,-4.596000195,-7.355000019,-2.450999975,1
50,Kidnapping,-5.056000233,-8.274000168,-3.829999924,1
1,Kidnapping,0.152999997,2.911000013,9.347000122,1
2,Kidnapping,-0.305999994,3.677000046,9.194000244,1
3,Kidnapping,0.612999976,2.911000013,9.654000282,1
4,Kidnapping,0.305999994,1.531999946,9.347000122,1
5,Kidnapping,-0.458999991,0.458999991,10.87899971,1
6,Kidnapping,0,0,9.960000038,1
7,Kidnapping,-0.764999986,-0.305999994,9.194000244,1
8,Kidnapping,-0.764999986,-1.072000027,8.887000084,1
9,Kidnapping,-1.072000027,-1.991999984,9.960000038,1
10,Kidnapping,-1.378000021,-2.757999897,9.041000366,1
11,Kidnapping,-1.225000024,-4.137000084,16.8560009,1
12,Kidnapping,0.305999994,-2.450999975,8.12100029,1
13,Kidnapping,0.460000008,-3.217000008,-0.91900003,1
14,Kidnapping,-2.450999975,-2.911000013,6.589000225,1
15,Kidnapping,-1.072000027,-1.378999949,10.87899971,1
16,Kidnapping,-2.450999975,-1.991999984,11.03299999,1
17,Kidnapping,1.838999987,1.072000027,8.887000084,1
18,Kidnapping,-0.764999986,0.765999973,12.56499958,1
19,Kidnapping,13.48499966,2.757999897,5.515999794,1
20,Kidnapping,-1.991000056,-0.458999991,10.26599979,1
21,Kidnapping,4.443999767,1.225000024,8.581000328,1
22,Kidnapping,6.282999992,1.072000027,5.056000233,1
23,Kidnapping,2.911000013,0.91900003,7.815000057,1
24,Kidnapping,-0.917999983,-0.611999989,9.347000122,1
25,Kidnapping,-1.531000018,-3.063999891,8.734000206,1
26,Kidnapping,-1.684999943,-1.838000059,8.12100029,1
27,Kidnapping,-2.450999975,-2.298000097,11.03299999,1
28,Kidnapping,1.072999954,-6.894999981,8.42800045,1
29,Kidnapping,3.83100009,-5.362999916,7.355000019,1
30,Kidnapping,3.83100009,-6.434999943,4.902999878,1
31,Kidnapping,6.43599987,-4.597000122,3.063999891,1
32,Kidnapping,8.734000206,-5.822000027,2.450999975,1
33,Kidnapping,7.815000057,-3.677000046,3.523999929,1
34,Kidnapping,8.274999619,-2.911000013,3.063999891,1
35,Kidnapping,4.902999878,-5.209000111,5.056000233,1
36,Kidnapping,8.12100029,-3.371000051,7.355000019,1
37,Kidnapping,5.822999954,-3.829999924,7.507999897,1
38,Kidnapping,-3.523000002,-6.129000187,8.887000084,1
39,Kidnapping,-0.917999983,-7.355000019,2.144999981,1
40,Kidnapping,3.677999973,-9.5,4.75,1
41,Kidnapping,2.144999981,-6.129000187,6.894999981,1
42,Kidnapping,0.305999994,-6.129000187,4.902999878,1
43,Kidnapping,-1.838000059,-6.282000065,6.129000187,1
44,Kidnapping,-2.604000092,-6.589000225,10.72599983,1
45,Kidnapping,-5.209000111,-9.347000122,4.443999767,1
46,Kidnapping,0.305999994,-5.515999794,6.282000065,1
47,Kidnapping,1.68599999,-6.894999981,4.75,1
48,Kidnapping,-1.684999943,-5.056000233,3.063999891,1
49,Kidnapping,-1.225000024,-10.87899971,-3.98300004,1
50,Kidnapping,-1.991000056,-11.79899979,-2.450999975,1
1,Kidnapping,-5.669000149,2.144999981,7.355000019,1
2,Kidnapping,-4.44299984,6.589000225,6.43599987,1
3,Kidnapping,-3.829999924,3.523999929,8.42800045,1
4,Kidnapping,-4.136000156,3.983999968,7.660999775,1
5,Kidnapping,-4.749000072,4.289999962,7.507999897,1
6,Kidnapping,-3.98300004,4.289999962,8.42800045,1
7,Kidnapping,-4.289999962,5.362999916,7.815000057,1
8,Kidnapping,-4.136000156,4.44299984,9.194000244,1
9,Kidnapping,19.30800056,-13.63700008,8.734000206,1
10,Kidnapping,-7.660999775,3.371000051,5.210000038,1
11,Kidnapping,-10.87899971,3.063999891,8.734000206,1
12,Kidnapping,0.460000008,4.597000122,2.911000013,1
13,Kidnapping,-9.958999634,4.902999878,7.967999935,1
14,Kidnapping,-10.57199955,4.289999962,9.5,1
15,Kidnapping,-4.596000195,5.515999794,4.902999878,1
16,Kidnapping,-4.902999878,9.347000122,9.5,1
17,Kidnapping,-7.81400013,9.347000122,8.734000206,1
18,Kidnapping,-5.514999866,5.209000111,4.289999962,1
19,Kidnapping,-3.98300004,2.757999897,-2.604000092,1
20,Kidnapping,-4.902999878,6.742000103,-3.98300004,1
21,Kidnapping,-1.838000059,6.434999943,0.458999991,1
22,Kidnapping,-0.458999991,7.047999859,0.305999994,1
23,Kidnapping,2.451999903,7.355000019,-1.531999946,1
24,Kidnapping,2.144999981,7.81400013,-4.137000084,1
25,Kidnapping,1.225999951,9.039999962,-3.063999891,1
26,Kidnapping,2.451999903,6.129000187,-4.289999962,1
27,Kidnapping,6.282999992,5.822000027,-4.75,1
28,Kidnapping,3.371000051,9.80700016,-2.604000092,1
29,Kidnapping,5.210000038,9.960000038,0,1
30,Kidnapping,4.137000084,5.209000111,-2.450999975,1
31,Kidnapping,10.2670002,7.507999897,-11.18500042,1
32,Kidnapping,-2.298000097,9.039999962,1.225999951,1
33,Kidnapping,7.662000179,10.11299992,-3.677000046,1
34,Kidnapping,-0.305999994,8.887000084,1.684999943,1
35,Kidnapping,-0.458999991,8.12100029,0.152999997,1
36,Kidnapping,1.991999984,6.894999981,1.225999951,1
37,Kidnapping,-7.507999897,8.581000328,-0.305999994,1
38,Kidnapping,-3.217000008,10.57299995,-5.056000233,1
39,Kidnapping,-11.79800034,6.589000225,0.91900003,1
40,Kidnapping,-9.19299984,7.047999859,-0.458999991,1
41,Kidnapping,-6.894999981,6.282000065,0.91900003,1
42,Kidnapping,-6.282000065,7.660999775,0.305999994,1
43,Kidnapping,-9.958999634,9.039999962,-1.531999946,1
44,Kidnapping,-7.201000214,6.742000103,2.298000097,1
45,Kidnapping,-4.902999878,8.12100029,1.531999946,1
46,Kidnapping,-5.974999905,8.274000168,2.298000097,1
47,Kidnapping,-4.44299984,8.887000084,2.144999981,1
48,Kidnapping,-3.523000002,8.427000046,2.450999975,1
49,Kidnapping,-5.514999866,7.202000141,0.765999973,1
50,Kidnapping,-4.902999878,7.355000019,-0.458999991,1
1,Kidnapping,0.305999994,3.983999968,10.57299995,1
2,Kidnapping,-5.669000149,3.983999968,9.654000282,1
3,Kidnapping,-0.917999983,5.056000233,4.137000084,1
4,Kidnapping,-3.98300004,5.515999794,13.02499962,1
5,Kidnapping,-4.44299984,4.597000122,11.95199966,1
6,Kidnapping,-3.369999886,7.355000019,7.967999935,1
7,Kidnapping,-3.98300004,7.660999775,5.822999954,1
8,Kidnapping,-4.289999962,7.660999775,3.983999968,1
9,Kidnapping,-4.44299984,7.202000141,0.152999997,1
10,Kidnapping,0.612999976,6.589000225,-0.764999986,1
11,Kidnapping,0.460000008,8.274000168,0.152999997,1
12,Kidnapping,2.451999903,7.967999935,-6.282000065,1
13,Kidnapping,2.451999903,8.12100029,-1.378000021,1
14,Kidnapping,1.072999954,11.18599987,-4.44299984,1
15,Kidnapping,-0.152999997,10.41899967,-1.225000024,1
16,Kidnapping,1.531999946,9.347000122,-1.684999943,1
17,Kidnapping,2.298000097,8.734000206,-0.764999986,1
18,Kidnapping,2.451999903,9.039999962,-3.523999929,1
19,Kidnapping,1.378999949,8.274000168,-3.063999891,1
20,Kidnapping,2.144999981,8.887000084,0.765999973,1
21,Kidnapping,-1.991000056,10.72599983,3.371000051,1
22,Kidnapping,-1.531000018,9.194000244,2.144999981,1
23,Kidnapping,-2.756999969,6.742000103,2.605000019,1
24,Kidnapping,-7.201000214,5.209000111,-1.838000059,1
25,Kidnapping,-8.119999886,6.589000225,2.144999981,1
26,Kidnapping,-6.127999783,8.734000206,3.217999935,1
27,Kidnapping,-3.677000046,7.507999897,4.902999878,1
28,Kidnapping,-3.217000008,7.047999859,9.347000122,1
29,Kidnapping,-6.127999783,7.047999859,5.975999832,1
30,Kidnapping,-3.369999886,8.12100029,7.507999897,1
31,Kidnapping,-1.531000018,8.581000328,7.967999935,1
32,Kidnapping,-0.917999983,7.202000141,8.42800045,1
33,Kidnapping,0.765999973,3.523999929,8.274000168,1
34,Kidnapping,-1.225000024,2.757999897,8.42800045,1
35,Kidnapping,-0.611999989,7.202000141,6.43599987,1
36,Kidnapping,-0.764999986,5.515999794,5.210000038,1
37,Kidnapping,-0.917999983,8.887000084,9.5,1
38,Kidnapping,1.225999951,6.894999981,8.734000206,1
39,Kidnapping,0.91900003,6.589000225,6.129000187,1
40,Kidnapping,2.757999897,8.427000046,0.458999991,1
41,Kidnapping,5.670000076,8.427000046,5.362999916,1
42,Kidnapping,2.451999903,7.202000141,5.210000038,1
43,Kidnapping,4.443999767,7.202000141,0.765999973,1
44,Kidnapping,7.202000141,5.515999794,-6.129000187,1
45,Kidnapping,2.605000019,9.80700016,-3.98300004,1
46,Kidnapping,5.210000038,6.894999981,-1.684999943,1
47,Kidnapping,3.83100009,7.660999775,-6.434999943,1
48,Kidnapping,4.902999878,7.047999859,-3.829999924,1
49,Kidnapping,3.523999929,7.967999935,-0.611999989,1
50,Kidnapping,3.217999935,9.652999878,-0.458999991,1
1,Kidnapping,0.612999976,6.434999943,7.507999897,1
2,Kidnapping,0.460000008,6.589000225,7.202000141,1
3,Kidnapping,1.225999951,6.589000225,8.274000168,1
4,Kidnapping,3.523999929,7.202000141,3.371000051,1
5,Kidnapping,4.597000122,6.742000103,7.815000057,1
6,Kidnapping,-0.152999997,1.684999943,8.42800045,1
7,Kidnapping,-4.289999962,0.458999991,7.202000141,1
8,Kidnapping,-0.611999989,0.91900003,10.42000008,1
9,Kidnapping,1.838999987,0,12.87100029,1
10,Kidnapping,3.523999929,1.225000024,10.87899971,1
11,Kidnapping,3.677999973,1.072000027,10.72599983,1
12,Kidnapping,2.757999897,0.765999973,9.80700016,1
13,Kidnapping,1.68599999,1.531999946,9.347000122,1
14,Kidnapping,2.451999903,1.684999943,7.967999935,1
15,Kidnapping,2.757999897,1.378999949,8.12100029,1
16,Kidnapping,-0.152999997,-1.225000024,9.654000282,1
17,Kidnapping,-0.152999997,-1.225000024,11.33899975,1
18,Kidnapping,1.838999987,-2.144999981,10.42000008,1
19,Kidnapping,-0.917999983,-1.378999949,8.42800045,1
20,Kidnapping,2.605000019,-2.144999981,8.734000206,1
21,Kidnapping,1.531999946,-1.684999943,6.43599987,1
22,Kidnapping,2.605000019,-1.991999984,10.42000008,1
23,Kidnapping,4.902999878,-0.91900003,11.18599987,1
24,Kidnapping,5.05700016,-1.684999943,8.734000206,1
25,Kidnapping,1.531999946,-1.991999984,9.5,1
26,Kidnapping,4.443999767,-1.531999946,6.43599987,1
27,Kidnapping,3.217999935,-0.91900003,9.347000122,1
28,Kidnapping,3.983999968,-2.144999981,9.347000122,1
29,Kidnapping,3.371000051,-2.298000097,7.967999935,1
30,Kidnapping,4.597000122,-0.91900003,8.887000084,1
31,Kidnapping,3.677999973,-1.838000059,8.274000168,1
32,Kidnapping,5.362999916,-1.838000059,7.660999775,1
33,Kidnapping,5.362999916,-0.765999973,8.274000168,1
34,Kidnapping,6.43599987,-1.684999943,6.894999981,1
35,Kidnapping,4.75,-1.531999946,5.669000149,1
36,Kidnapping,8.887999535,-2.144999981,8.887000084,1
37,Kidnapping,7.507999897,-3.063999891,8.887000084,1
38,Kidnapping,5.362999916,-5.362999916,10.57299995,1
39,Kidnapping,-1.225000024,-12.71800041,9.960000038,1
40,Kidnapping,4.75,-11.95199966,7.355000019,1
41,Kidnapping,4.597000122,-8.274000168,6.589000225,1
42,Kidnapping,6.589000225,-1.072000027,11.79899979,1
43,Kidnapping,1.225999951,2.144999981,7.507999897,1
44,Kidnapping,0.305999994,0,8.734000206,1
45,Kidnapping,3.983999968,5.056000233,2.757999897,1
46,Kidnapping,1.072999954,5.975999832,13.63799953,1
47,Kidnapping,19.30800056,3.063999891,2.144999981,1
48,Kidnapping,-12.87100029,-2.144999981,-3.369999886,1
49,Kidnapping,-0.764999986,4.75,-3.369999886,1
50,Kidnapping,0.612999976,4.289999962,-12.87100029,1
1,Kidnapping,7.662000179,5.975999832,1.225999951,1
2,Kidnapping,7.967999935,6.129000187,0.458999991,1
3,Kidnapping,7.815000057,5.822000027,-1.225000024,1
4,Kidnapping,5.670000076,6.129000187,-3.063999891,1
5,Kidnapping,6.742000103,7.047999859,-2.144999981,1
6,Kidnapping,6.742000103,7.047999859,-3.98300004,1
7,Kidnapping,6.895999908,6.129000187,-2.604000092,1
8,Kidnapping,6.895999908,6.589000225,-1.531999946,1
9,Kidnapping,6.129000187,7.047999859,-1.225000024,1
10,Kidnapping,6.589000225,6.589000225,-1.378000021,1
11,Kidnapping,6.43599987,7.81400013,-2.756999969,1
12,Kidnapping,6.129000187,8.12100029,-1.072000027,1
13,Kidnapping,4.443999767,6.434999943,-0.305999994,1
14,Kidnapping,5.822999954,7.047999859,0.305999994,1
15,Kidnapping,6.282999992,5.975999832,-3.217000008,1
16,Kidnapping,6.589000225,5.975999832,-2.756999969,1
17,Kidnapping,7.202000141,7.202000141,-3.523999929,1
18,Kidnapping,7.202000141,6.894999981,-1.378000021,1
19,Kidnapping,7.815000057,6.434999943,-2.911000013,1
20,Kidnapping,7.967999935,6.282000065,-1.991000056,1
21,Kidnapping,7.507999897,7.660999775,0.152999997,1
22,Kidnapping,8.581000328,5.515999794,-1.378000021,1
23,Kidnapping,6.282999992,6.589000225,-0.611999989,1
24,Kidnapping,3.677999973,9.039999962,1.684999943,1
25,Kidnapping,3.983999968,8.581000328,0.765999973,1
26,Kidnapping,4.443999767,9.80700016,0.765999973,1
27,Kidnapping,2.451999903,8.734000206,2.450999975,1
28,Kidnapping,5.670000076,7.202000141,-0.764999986,1
29,Kidnapping,3.83100009,9.039999962,-1.684999943,1
30,Kidnapping,3.677999973,7.81400013,-3.063999891,1
31,Kidnapping,5.515999794,8.12100029,1.072000027,1
32,Kidnapping,4.443999767,8.734000206,-2.911000013,1
33,Kidnapping,5.975999832,8.12100029,-0.305999994,1
34,Kidnapping,4.902999878,8.887000084,0.458999991,1
35,Kidnapping,5.05700016,8.427000046,0.458999991,1
36,Kidnapping,5.210000038,8.581000328,-0.611999989,1
37,Kidnapping,4.597000122,8.734000206,2.144999981,1
38,Kidnapping,6.129000187,8.427000046,3.063999891,1
39,Kidnapping,7.662000179,7.202000141,-1.225000024,1
40,Kidnapping,7.507999897,8.734000206,2.757999897,1
41,Kidnapping,4.597000122,9.194000244,-0.764999986,1
42,Kidnapping,2.298000097,7.967999935,3.063999891,1
43,Kidnapping,8.887999535,6.282000065,-3.523999929,1
44,Kidnapping,4.75,9.039999962,1.531999946,1
45,Kidnapping,6.129000187,7.81400013,0.91900003,1
46,Kidnapping,3.983999968,10.11299992,0.458999991,1
47,Kidnapping,3.677999973,11.03199959,0.612999976,1
48,Kidnapping,5.05700016,10.87899971,-0.458999991,1
49,Kidnapping,2.911000013,11.95199966,-1.838000059,1
50,Kidnapping,2.605000019,11.03199959,0.152999997,1
1,Kidnapping,0.765999973,10.11299992,0.458999991,1
2,Kidnapping,0.460000008,10.11299992,-0.91900003,1
3,Kidnapping,1.531999946,7.81400013,-2.144999981,1
4,Kidnapping,3.523999929,9.039999962,-0.611999989,1
5,Kidnapping,3.371000051,8.12100029,-0.152999997,1
6,Kidnapping,0,8.12100029,-1.684999943,1
7,Kidnapping,1.838999987,9.960000038,-1.225000024,1
8,Kidnapping,2.757999897,13.63700008,-1.838000059,1
9,Kidnapping,2.298000097,10.26599979,0.152999997,1
10,Kidnapping,0.91900003,8.887000084,0.612999976,1
11,Kidnapping,0.91900003,10.41899967,0.458999991,1
12,Kidnapping,1.225999951,10.11299992,1.225999951,1
13,Kidnapping,2.911000013,9.5,1.378999949,1
14,Kidnapping,2.144999981,8.734000206,1.225999951,1
15,Kidnapping,4.597000122,11.95199966,-0.458999991,1
16,Kidnapping,3.065000057,12.41100025,-1.072000027,1
17,Kidnapping,5.670000076,10.87899971,-2.911000013,1
18,Kidnapping,3.217999935,10.26599979,-5.974999905,1
19,Kidnapping,3.677999973,7.81400013,-2.298000097,1
20,Kidnapping,3.83100009,8.274000168,-2.144999981,1
21,Kidnapping,3.983999968,8.274000168,-2.756999969,1
22,Kidnapping,4.902999878,8.427000046,-2.604000092,1
23,Kidnapping,4.443999767,8.887000084,-2.144999981,1
24,Kidnapping,4.597000122,8.581000328,-2.298000097,1
25,Kidnapping,4.290999889,7.967999935,-2.298000097,1
26,Kidnapping,6.895999908,7.507999897,-1.072000027,1
27,Kidnapping,6.282999992,5.669000149,-2.144999981,1
28,Kidnapping,9.80700016,4.137000084,1.531999946,1
29,Kidnapping,7.507999897,3.983999968,2.911000013,1
30,Kidnapping,8.274999619,5.056000233,2.911000013,1
31,Kidnapping,5.670000076,3.677000046,5.362999916,1
32,Kidnapping,0.91900003,5.209000111,7.815000057,1
33,Kidnapping,-1.378000021,6.894999981,6.129000187,1
34,Kidnapping,-1.838000059,7.355000019,5.822999954,1
35,Kidnapping,-1.684999943,6.282000065,7.355000019,1
36,Kidnapping,-1.838000059,6.894999981,7.355000019,1
37,Kidnapping,-1.991000056,6.894999981,7.967999935,1
38,Kidnapping,-2.450999975,7.047999859,5.515999794,1
39,Kidnapping,-2.450999975,7.202000141,6.742000103,1
40,Kidnapping,-0.917999983,7.355000019,5.822999954,1
41,Kidnapping,-2.298000097,6.434999943,7.202000141,1
42,Kidnapping,-1.531000018,7.047999859,7.202000141,1
43,Kidnapping,-1.684999943,6.894999981,7.507999897,1
44,Kidnapping,-1.072000027,6.742000103,7.202000141,1
45,Kidnapping,-0.305999994,7.047999859,7.202000141,1
46,Kidnapping,-1.378000021,6.742000103,7.507999897,1
47,Kidnapping,-1.378000021,6.434999943,6.894999981,1
48,Kidnapping,-0.764999986,6.434999943,6.894999981,1
49,Kidnapping,-2.144000053,5.515999794,8.12100029,1
50,Kidnapping,-0.611999989,6.589000225,6.894999981,1
1,Kidnapping,7.048999786,8.274000168,2.144999981,1
2,Kidnapping,3.83100009,9.80700016,2.911000013,1
3,Kidnapping,3.523999929,7.507999897,1.531999946,1
4,Kidnapping,3.371000051,9.5,2.757999897,1
5,Kidnapping,4.290999889,8.12100029,2.298000097,1
6,Kidnapping,4.137000084,8.427000046,1.991999984,1
7,Kidnapping,2.911000013,8.887000084,1.991999984,1
8,Kidnapping,-1.378000021,9.039999962,3.217999935,1
9,Kidnapping,-1.378000021,11.95199966,0.458999991,1
10,Kidnapping,0.765999973,9.194000244,2.298000097,1
11,Kidnapping,0.91900003,9.80700016,1.225999951,1
12,Kidnapping,0.460000008,9.347000122,1.378999949,1
13,Kidnapping,0.612999976,7.967999935,0.305999994,1
14,Kidnapping,3.523999929,11.18599987,-6.742000103,1
15,Kidnapping,0.152999997,7.81400013,-0.611999989,1
16,Kidnapping,3.523999929,14.86299992,-0.611999989,1
17,Kidnapping,-2.604000092,9.5,-4.44299984,1
18,Kidnapping,1.68599999,8.887000084,0,1
19,Kidnapping,0,5.209000111,3.371000051,1
20,Kidnapping,1.838999987,6.589000225,5.210000038,1
21,Kidnapping,1.68599999,9.960000038,-0.764999986,1
22,Kidnapping,0.305999994,1.378999949,0.765999973,1
23,Kidnapping,-19.76600075,19.61400032,19.15399933,1
24,Kidnapping,2.605000019,1.072000027,0.765999973,1
25,Kidnapping,-7.967000008,3.983999968,-12.87100029,1
26,Kidnapping,5.822999954,-2.450999975,5.210000038,1
27,Kidnapping,-1.225000024,-4.902999878,-2.911000013,1
28,Kidnapping,6.282999992,2.604000092,2.911000013,1
29,Kidnapping,5.05700016,1.838000059,9.80700016,1
30,Kidnapping,-0.917999983,0.458999991,9.80700016,1
31,Kidnapping,0,0.152999997,9.80700016,1
32,Kidnapping,2.451999903,0.152999997,9.5,1
33,Kidnapping,-2.450999975,-1.531999946,9.654000282,1
34,Kidnapping,2.757999897,-0.458999991,9.80700016,1
35,Kidnapping,2.757999897,4.597000122,9.80700016,1
36,Kidnapping,0.612999976,1.531999946,9.80700016,1
37,Kidnapping,-1.072000027,-1.991999984,9.80700016,1
38,Kidnapping,-1.378000021,1.684999943,9.5,1
39,Kidnapping,0,0.305999994,9.654000282,1
40,Kidnapping,-0.152999997,0.152999997,9.80700016,1
41,Kidnapping,-0.152999997,0.305999994,9.654000282,1
42,Kidnapping,-0.152999997,0.305999994,9.80700016,1
43,Kidnapping,-1.225000024,3.677000046,9.654000282,1
44,Kidnapping,0.612999976,-0.611999989,9.5,1
45,Kidnapping,-2.144000053,-0.765999973,10.57299995,1
46,Kidnapping,2.298000097,1.072000027,7.815000057,1
47,Kidnapping,-0.458999991,-1.991999984,9.960000038,1
48,Kidnapping,4.137000084,-3.983999968,10.11299992,1
49,Kidnapping,4.290999889,-3.523999929,11.64599991,1
50,Kidnapping,0,-3.371000051,9.194000244,1
1,Kidnapping,-5.514999866,8.734000206,-0.764999986,1
2,Kidnapping,-2.910000086,9.652999878,2.450999975,1
3,Kidnapping,-3.063999891,9.652999878,3.677000046,1
4,Kidnapping,-5.209000111,8.427000046,0.305999994,1
5,Kidnapping,-5.209000111,7.967999935,0.612999976,1
6,Kidnapping,-3.063999891,8.427000046,1.838999987,1
7,Kidnapping,-6.434999943,8.427000046,1.838999987,1
8,Kidnapping,0.152999997,11.18599987,-6.129000187,1
9,Kidnapping,-0.917999983,9.960000038,3.063999891,1
10,Kidnapping,2.144999981,9.5,1.225999951,1
11,Kidnapping,0.305999994,10.11299992,0.612999976,1
12,Kidnapping,-0.764999986,10.11299992,0.765999973,1
13,Kidnapping,0.91900003,8.887000084,3.063999891,1
14,Kidnapping,1.072999954,9.347000122,0,1
15,Kidnapping,-0.152999997,10.41899967,1.225999951,1
16,Kidnapping,-1.072000027,9.5,-1.225000024,1
17,Kidnapping,0.91900003,9.039999962,0.152999997,1
18,Kidnapping,0.305999994,11.79899979,-1.072000027,1
19,Kidnapping,1.68599999,8.274000168,-1.378000021,1
20,Kidnapping,-0.917999983,12.71800041,1.072000027,1
21,Kidnapping,0.152999997,9.80700016,1.991999984,1
22,Kidnapping,-0.458999991,9.5,3.523999929,1
23,Kidnapping,-0.917999983,8.887000084,2.450999975,1
24,Kidnapping,2.605000019,9.960000038,5.210000038,1
25,Kidnapping,0.152999997,9.80700016,3.983999968,1
26,Kidnapping,3.83100009,9.80700016,3.371000051,1
27,Kidnapping,1.991999984,9.347000122,2.144999981,1
28,Kidnapping,1.838999987,9.194000244,7.355000019,1
29,Kidnapping,-2.604000092,8.734000206,6.129000187,1
30,Kidnapping,3.983999968,11.18599987,6.282000065,1
31,Kidnapping,-1.684999943,10.26599979,4.597000122,1
32,Kidnapping,1.072999954,10.72599983,0.91900003,1
33,Kidnapping,-1.225000024,7.660999775,5.056000233,1
34,Kidnapping,1.531999946,7.660999775,1.684999943,1
35,Kidnapping,2.911000013,9.039999962,1.378999949,1
36,Kidnapping,6.589000225,13.79100037,1.072000027,1
37,Kidnapping,2.451999903,6.434999943,6.282000065,1
38,Kidnapping,1.378999949,8.734000206,6.742000103,1
39,Kidnapping,1.991999984,9.652999878,7.507999897,1
40,Kidnapping,1.991999984,9.652999878,7.048999786,1
41,Kidnapping,0.305999994,6.894999981,6.742000103,1
42,Kidnapping,-1.225000024,4.44299984,5.975999832,1
43,Kidnapping,-2.604000092,4.75,4.902999878,1
44,Kidnapping,6.129000187,9.194000244,1.378999949,1
45,Kidnapping,6.43599987,11.18599987,0.612999976,1
46,Kidnapping,5.362999916,5.822000027,0.458999991,1
47,Kidnapping,3.83100009,4.75,0.91900003,1
48,Kidnapping,10.2670002,7.660999775,5.362999916,1
49,Kidnapping,7.202000141,9.960000038,6.589000225,1
50,Kidnapping,5.515999794,4.902999878,5.975999832,1
1,Indoor,-0.305999994,7.967999935,-0.611999989,0
2,Indoor,0.460000008,9.5,-1.684999943,0
3,Indoor,1.531999946,10.11299992,-0.91900003,0
4,Indoor,0,13.33100033,-3.063999891,0
5,Indoor,0.612999976,8.274000168,-4.289999962,0
6,Indoor,0.91900003,9.652999878,-2.144999981,0
7,Indoor,-0.305999994,9.039999962,-3.98300004,0
8,Indoor,0.460000008,9.80700016,-2.298000097,0
9,Indoor,0.152999997,8.581000328,-3.217000008,0
10,Indoor,0.460000008,8.887000084,-2.604000092,0
11,Indoor,0.765999973,8.887000084,-2.604000092,0
12,Indoor,0.765999973,12.10499954,-2.756999969,0
13,Indoor,1.991999984,11.18599987,-1.378000021,0
14,Indoor,1.378999949,6.434999943,0.612999976,0
15,Indoor,5.05700016,10.72599983,-3.677000046,0
16,Indoor,2.451999903,8.274000168,-0.611999989,0
17,Indoor,2.451999903,8.734000206,-2.911000013,0
18,Indoor,2.144999981,9.194000244,-1.991000056,0
19,Indoor,3.523999929,12.87100029,-2.450999975,0
20,Indoor,0.612999976,8.12100029,-1.684999943,0
21,Indoor,-1.072000027,9.652999878,0.458999991,0
22,Indoor,1.378999949,7.660999775,-2.144999981,0
23,Indoor,1.072999954,8.274000168,-1.531999946,0
24,Indoor,1.68599999,9.5,-2.450999975,0
25,Indoor,2.605000019,13.94400024,-2.144999981,0
26,Indoor,2.451999903,7.967999935,-0.458999991,0
27,Indoor,2.298000097,9.347000122,-0.611999989,0
28,Indoor,2.144999981,8.12100029,-1.225000024,0
29,Indoor,3.065000057,8.887000084,-3.217000008,0
30,Indoor,2.605000019,8.427000046,-3.369999886,0
31,Indoor,2.298000097,10.11299992,-2.450999975,0
32,Indoor,3.83100009,11.95199966,-4.137000084,0
33,Indoor,0.305999994,7.355000019,-0.611999989,0
34,Indoor,2.144999981,8.12100029,-3.369999886,0
35,Indoor,0.91900003,7.967999935,-1.378000021,0
36,Indoor,1.378999949,8.887000084,-1.838000059,0
37,Indoor,2.144999981,10.26599979,-3.217000008,0
38,Indoor,3.065000057,12.25800037,-2.756999969,0
39,Indoor,2.451999903,7.81400013,0.152999997,0
40,Indoor,2.298000097,9.80700016,-4.137000084,0
41,Indoor,1.378999949,7.81400013,-0.91900003,0
42,Indoor,2.298000097,8.734000206,-2.298000097,0
43,Indoor,2.451999903,11.03199959,-3.217000008,0
44,Indoor,0.765999973,10.41899967,-1.684999943,0
45,Indoor,-0.305999994,9.347000122,0.765999973,0
46,Indoor,1.378999949,8.427000046,-2.450999975,0
47,Indoor,0.612999976,8.274000168,-1.991000056,0
48,Indoor,1.378999949,8.887000084,-2.604000092,0
49,Indoor,1.991999984,9.652999878,-3.523999929,0
50,Indoor,2.911000013,13.17800045,-3.829999924,0
1,Indoor,6.589000225,2.911000013,3.83100009,0
2,Indoor,7.815000057,5.362999916,4.902999878,0
3,Indoor,9.194000244,3.983999968,4.902999878,0
4,Indoor,11.33899975,4.44299984,2.757999897,0
5,Indoor,11.64599991,5.056000233,-0.764999986,0
6,Indoor,9.194000244,5.209000111,-0.611999989,0
7,Indoor,8.274999619,3.983999968,-0.152999997,0
8,Indoor,8.887999535,1.684999943,-0.152999997,0
9,Indoor,7.815000057,0.91900003,-1.838000059,0
10,Indoor,9.194000244,1.531999946,0.152999997,0
11,Indoor,8.42800045,4.902999878,-1.378000021,0
12,Indoor,11.33899975,4.75,-1.378000021,0
13,Indoor,7.662000179,10.11299992,-3.369999886,0
14,Indoor,10.42000008,-0.611999989,-0.152999997,0
15,Indoor,8.581000328,3.829999924,-0.611999989,0
16,Indoor,4.597000122,6.742000103,-1.991000056,0
17,Indoor,6.43599987,4.75,0.91900003,0
18,Indoor,1.531999946,9.80700016,1.378999949,0
19,Indoor,1.378999949,10.41899967,-1.378000021,0
20,Indoor,1.531999946,9.80700016,-0.91900003,0
21,Indoor,2.298000097,9.194000244,-1.991000056,0
22,Indoor,1.838999987,10.41899967,-1.225000024,0
23,Indoor,-0.305999994,9.194000244,-3.523999929,0
24,Indoor,4.290999889,9.5,-1.072000027,0
25,Indoor,2.451999903,7.507999897,-2.450999975,0
26,Indoor,2.298000097,7.967999935,-2.450999975,0
27,Indoor,3.983999968,9.80700016,-4.902999878,0
28,Indoor,0.612999976,14.40400028,-1.072000027,0
29,Indoor,1.991999984,6.434999943,0.612999976,0
30,Indoor,-2.298000097,10.26599979,1.684999943,0
31,Indoor,0.460000008,8.581000328,0.152999997,0
32,Indoor,0.91900003,10.26599979,0.305999994,0
33,Indoor,1.072999954,9.5,0.612999976,0
34,Indoor,1.072999954,10.41899967,0.765999973,0
35,Indoor,0.152999997,13.63700008,0.765999973,0
36,Indoor,-1.378000021,7.507999897,0.765999973,0
37,Indoor,3.523999929,13.17800045,-0.305999994,0
38,Indoor,0.305999994,6.742000103,1.838999987,0
39,Indoor,-2.604000092,5.975999832,1.378999949,0
40,Indoor,7.662000179,11.33899975,-11.03199959,0
41,Indoor,-10.87899971,11.79899979,4.443999767,0
42,Indoor,1.072999954,8.427000046,2.144999981,0
43,Indoor,-0.458999991,9.5,0,0
44,Indoor,1.531999946,9.960000038,-0.305999994,0
45,Indoor,-0.458999991,9.80700016,1.531999946,0
46,Indoor,-0.458999991,10.41899967,1.684999943,0
47,Indoor,-0.152999997,11.79899979,1.684999943,0
48,Indoor,-8.427000046,10.26599979,-7.201000214,0
49,Indoor,0.765999973,7.660999775,1.531999946,0
50,Indoor,0,6.282000065,2.757999897,0
1,Indoor,-0.611999989,3.371000051,8.581000328,0
2,Indoor,-1.684999943,3.523999929,7.048999786,0
3,Indoor,-1.531000018,4.289999962,8.887000084,0
4,Indoor,-2.298000097,4.44299984,8.274000168,0
5,Indoor,-1.991000056,4.597000122,11.79899979,0
6,Indoor,-3.523000002,4.137000084,8.734000206,0
7,Indoor,-1.991000056,3.523999929,8.12100029,0
8,Indoor,-1.378000021,4.44299984,5.669000149,0
9,Indoor,0,5.515999794,7.815000057,0
10,Indoor,-1.225000024,5.515999794,11.03299999,0
11,Indoor,-1.684999943,5.209000111,10.87899971,0
12,Indoor,-1.072000027,2.911000013,8.734000206,0
13,Indoor,-1.684999943,3.829999924,7.202000141,0
14,Indoor,-1.531000018,4.75,7.815000057,0
15,Indoor,-1.838000059,5.056000233,8.887000084,0
16,Indoor,-1.991000056,5.056000233,9.5,0
17,Indoor,-1.684999943,3.523999929,8.887000084,0
18,Indoor,-3.369999886,4.289999962,6.589000225,0
19,Indoor,-1.225000024,4.902999878,8.12100029,0
20,Indoor,-0.764999986,5.669000149,8.274000168,0
21,Indoor,-0.764999986,5.669000149,12.56499958,0
22,Indoor,-2.910000086,4.597000122,11.49199963,0
23,Indoor,-0.917999983,3.371000051,9.194000244,0
24,Indoor,-1.531000018,3.217000008,7.660999775,0
25,Indoor,-2.144000053,4.137000084,7.967999935,0
26,Indoor,-2.144000053,4.75,8.274000168,0
27,Indoor,-2.910000086,5.515999794,9.041000366,0
28,Indoor,-2.298000097,3.677000046,9.654000282,0
29,Indoor,-3.063999891,3.829999924,7.202000141,0
30,Indoor,-1.684999943,4.289999962,7.967999935,0
31,Indoor,-1.531000018,5.362999916,7.507999897,0
32,Indoor,-1.684999943,5.362999916,8.734000206,0
33,Indoor,-1.531000018,5.209000111,10.72599983,0
34,Indoor,-3.523000002,4.44299984,10.11299992,0
35,Indoor,-2.144000053,3.217000008,10.42000008,0
36,Indoor,-2.910000086,3.217000008,8.12100029,0
37,Indoor,-3.063999891,3.523999929,7.507999897,0
38,Indoor,-2.756999969,3.829999924,9.194000244,0
39,Indoor,-3.217000008,3.217000008,10.26599979,0
40,Indoor,-3.677000046,2.757999897,10.11299992,0
41,Indoor,-3.677000046,2.757999897,8.734000206,0
42,Indoor,-3.677000046,2.450999975,8.581000328,0
43,Indoor,-3.677000046,2.298000097,8.581000328,0
44,Indoor,-2.298000097,2.757999897,8.887000084,0
45,Indoor,-2.144000053,3.523999929,8.581000328,0
46,Indoor,-1.378000021,4.597000122,8.274000168,0
47,Indoor,-1.072000027,5.056000233,7.967999935,0
48,Indoor,-0.458999991,5.056000233,8.581000328,0
49,Indoor,-1.378000021,4.597000122,13.02499962,0
50,Indoor,-1.531000018,3.829999924,9.5,0
1,Indoor,-2.144000053,3.063999891,9.5,0
2,Indoor,-1.378000021,3.829999924,7.507999897,0
3,Indoor,-1.684999943,3.677000046,9.194000244,0
4,Indoor,-0.917999983,3.523999929,9.041000366,0
5,Indoor,-1.531000018,3.677000046,8.887000084,0
6,Indoor,-0.305999994,3.677000046,8.734000206,0
7,Indoor,0,3.677000046,8.887000084,0
8,Indoor,-0.152999997,3.829999924,8.581000328,0
9,Indoor,0,3.523999929,7.660999775,0
10,Indoor,-0.152999997,2.911000013,10.57299995,0
11,Indoor,-1.838000059,3.217000008,8.581000328,0
12,Indoor,-1.531000018,2.757999897,8.581000328,0
13,Indoor,-1.531000018,3.371000051,9.041000366,0
14,Indoor,-0.764999986,3.677000046,9.960000038,0
15,Indoor,-1.072000027,4.289999962,9.5,0
16,Indoor,-1.531000018,4.75,9.194000244,0
17,Indoor,-0.764999986,4.75,8.734000206,0
18,Indoor,-1.225000024,5.362999916,8.274000168,0
19,Indoor,-1.838000059,5.822000027,7.660999775,0
20,Indoor,0.305999994,5.822000027,10.26599979,0
21,Indoor,-1.225000024,4.597000122,7.967999935,0
22,Indoor,0.460000008,5.822000027,7.355000019,0
23,Indoor,-0.611999989,5.669000149,7.660999775,0
24,Indoor,-0.764999986,5.209000111,8.887000084,0
25,Indoor,-0.764999986,5.515999794,8.274000168,0
26,Indoor,-0.305999994,5.669000149,7.967999935,0
27,Indoor,-0.917999983,5.515999794,8.12100029,0
28,Indoor,-0.917999983,5.209000111,8.887000084,0
29,Indoor,-0.611999989,5.669000149,8.12100029,0
30,Indoor,-0.917999983,5.362999916,8.12100029,0
31,Indoor,-0.917999983,5.209000111,8.734000206,0
32,Indoor,-0.764999986,5.362999916,8.12100029,0
33,Indoor,-0.917999983,5.515999794,8.274000168,0
34,Indoor,-0.764999986,5.362999916,8.12100029,0
35,Indoor,-1.072000027,5.362999916,8.734000206,0
36,Indoor,-1.072000027,5.362999916,8.42800045,0
37,Indoor,-0.917999983,5.362999916,8.42800045,0
38,Indoor,-0.611999989,5.209000111,8.42800045,0
39,Indoor,-0.764999986,5.209000111,8.581000328,0
40,Indoor,-0.764999986,5.209000111,8.12100029,0
41,Indoor,-0.764999986,5.209000111,8.274000168,0
42,Indoor,-0.764999986,5.209000111,8.274000168,0
43,Indoor,-0.764999986,5.209000111,8.12100029,0
44,Indoor,-0.611999989,5.209000111,8.274000168,0
45,Indoor,-0.764999986,5.209000111,8.581000328,0
46,Indoor,-0.764999986,5.209000111,8.42800045,0
47,Indoor,-0.764999986,5.209000111,8.581000328,0
48,Indoor,-0.917999983,5.209000111,8.581000328,0
49,Indoor,-0.764999986,5.362999916,8.581000328,0
50,Indoor,-0.764999986,5.209000111,8.581000328,0
1,Indoor,-1.991000056,3.829999924,10.57299995,0
2,Indoor,-1.225000024,3.217000008,4.75,0
3,Indoor,-3.523000002,4.44299984,6.894999981,0
4,Indoor,-5.822000027,5.822000027,8.887000084,0
5,Indoor,-3.98300004,3.829999924,12.56499958,0
6,Indoor,-2.756999969,3.829999924,6.129000187,0
7,Indoor,-0.305999994,5.822000027,5.669000149,0
8,Indoor,-2.604000092,7.81400013,11.18599987,0
9,Indoor,-5.209000111,7.355000019,13.17800045,0
10,Indoor,-3.063999891,3.523999929,9.80700016,0
11,Indoor,-0.764999986,3.829999924,5.515999794,0
12,Indoor,-3.523000002,4.289999962,3.677000046,0
13,Indoor,-5.669000149,6.282000065,7.815000057,0
14,Indoor,-1.991000056,5.515999794,5.515999794,0
15,Indoor,-1.378000021,5.209000111,5.822999954,0
16,Indoor,-2.604000092,7.047999859,6.894999981,0
17,Indoor,-1.225000024,8.427000046,13.79100037,0
18,Indoor,-4.136000156,5.975999832,10.42000008,0
19,Indoor,-2.604000092,3.523999929,7.660999775,0
20,Indoor,-2.144000053,3.677000046,5.515999794,0
21,Indoor,-4.136000156,4.75,4.902999878,0
22,Indoor,-5.669000149,5.822000027,8.581000328,0
23,Indoor,-4.136000156,5.362999916,12.71800041,0
24,Indoor,-3.369999886,5.515999794,5.210000038,0
25,Indoor,-1.072000027,5.515999794,5.975999832,0
26,Indoor,-1.225000024,6.742000103,5.669000149,0
27,Indoor,-0.152999997,8.12100029,9.654000282,0
28,Indoor,-2.604000092,5.209000111,9.347000122,0
29,Indoor,-2.756999969,4.137000084,6.589000225,0
30,Indoor,-3.063999891,4.44299984,7.355000019,0
31,Indoor,-3.98300004,4.289999962,9.041000366,0
32,Indoor,-5.514999866,4.289999962,7.967999935,0
33,Indoor,-3.677000046,3.983999968,8.42800045,0
34,Indoor,-3.523000002,4.137000084,7.507999897,0
35,Indoor,-3.829999924,4.289999962,8.887000084,0
36,Indoor,-2.144000053,4.75,7.355000019,0
37,Indoor,-0.305999994,7.047999859,7.507999897,0
38,Indoor,-0.764999986,6.894999981,7.967999935,0
39,Indoor,-1.991000056,6.894999981,8.734000206,0
40,Indoor,-2.756999969,7.81400013,9.347000122,0
41,Indoor,-1.225000024,5.362999916,7.355000019,0
42,Indoor,-2.604000092,4.902999878,6.282000065,0
43,Indoor,-2.298000097,5.209000111,5.362999916,0
44,Indoor,-2.756999969,6.282000065,6.742000103,0
45,Indoor,-2.144000053,6.282000065,7.048999786,0
46,Indoor,-1.684999943,6.742000103,11.33899975,0
47,Indoor,-4.749000072,5.515999794,7.355000019,0
48,Indoor,-1.838000059,5.056000233,7.202000141,0
49,Indoor,-2.604000092,5.669000149,5.975999832,0
50,Indoor,-1.378000021,6.129000187,7.048999786,0
1,Indoor,1.68599999,11.18599987,-1.838000059,0
2,Indoor,5.05700016,11.49199963,-0.91900003,0
3,Indoor,4.443999767,4.44299984,0.91900003,0
4,Indoor,-3.369999886,7.967999935,-4.289999962,0
5,Indoor,-1.378000021,16.70199966,-3.677000046,0
6,Indoor,1.072999954,5.822000027,-2.450999975,0
7,Indoor,2.144999981,3.063999891,-2.604000092,0
8,Indoor,4.443999767,17.46800041,-8.887000084,0
9,Indoor,0.460000008,11.79899979,-5.361999989,0
10,Indoor,2.757999897,11.18599987,-3.369999886,0
11,Indoor,2.144999981,9.80700016,2.144999981,0
12,Indoor,2.911000013,7.81400013,-2.911000013,0
13,Indoor,2.144999981,8.274000168,-2.144999981,0
14,Indoor,2.605000019,10.87899971,-2.756999969,0
15,Indoor,2.144999981,12.71800041,-3.829999924,0
16,Indoor,-3.369999886,7.355000019,0.305999994,0
17,Indoor,1.225999951,6.742000103,-1.991000056,0
18,Indoor,1.072999954,8.12100029,-1.991000056,0
19,Indoor,1.378999949,9.960000038,-3.677000046,0
20,Indoor,3.065000057,17.62100029,-1.072000027,0
21,Indoor,1.68599999,6.742000103,0.305999994,0
22,Indoor,0.765999973,9.80700016,-3.217000008,0
23,Indoor,0.91900003,6.742000103,-0.152999997,0
24,Indoor,2.605000019,8.734000206,-2.604000092,0
25,Indoor,1.531999946,14.40400028,-3.217000008,0
26,Indoor,-1.225000024,7.660999775,-0.458999991,0
27,Indoor,3.83100009,9.960000038,-2.298000097,0
28,Indoor,0.91900003,9.194000244,-1.531999946,0
29,Indoor,0.612999976,6.894999981,-2.604000092,0
30,Indoor,2.144999981,10.11299992,-3.677000046,0
31,Indoor,2.911000013,14.55700016,-3.677000046,0
32,Indoor,2.298000097,7.81400013,1.225999951,0
33,Indoor,1.531999946,9.80700016,-5.669000149,0
34,Indoor,0.91900003,8.427000046,-0.458999991,0
35,Indoor,1.838999987,8.581000328,-1.838000059,0
36,Indoor,2.911000013,11.33899975,-2.604000092,0
37,Indoor,1.378999949,12.41100025,-2.911000013,0
38,Indoor,-2.450999975,7.967999935,2.605000019,0
39,Indoor,1.072999954,11.03199959,-3.063999891,0
40,Indoor,-1.225000024,8.427000046,-2.144999981,0
41,Indoor,-1.072000027,9.347000122,-3.063999891,0
42,Indoor,-0.917999983,9.347000122,-3.063999891,0
43,Indoor,0,8.734000206,-2.756999969,0
44,Indoor,0.91900003,8.734000206,-3.217000008,0
45,Indoor,1.838999987,8.427000046,-3.369999886,0
46,Indoor,1.531999946,9.960000038,-4.289999962,0
47,Indoor,1.225999951,11.49199963,-2.298000097,0
48,Indoor,3.371000051,8.274000168,-1.531999946,0
49,Indoor,2.298000097,9.5,-2.604000092,0
50,Indoor,3.371000051,7.81400013,-0.764999986,0
1,Indoor,-11.95100021,-7.355000019,-0.611999989,0
2,Indoor,-11.49199963,-5.515999794,-0.458999991,0
3,Indoor,-11.03199959,-7.355000019,0.612999976,0
4,Indoor,-7.660999775,-5.056000233,-1.225000024,0
5,Indoor,-5.361999989,-3.677000046,-0.458999991,0
6,Indoor,-5.669000149,-4.44299984,-1.378000021,0
7,Indoor,-9.19299984,-6.742000103,-1.225000024,0
8,Indoor,-10.72500038,-4.597000122,0.612999976,0
9,Indoor,-11.49199963,-4.137000084,-1.378000021,0
10,Indoor,-9.652999878,-2.911000013,-0.611999989,0
11,Indoor,-9.958999634,-2.911000013,-0.91900003,0
12,Indoor,-12.10499954,-3.677000046,-0.91900003,0
13,Indoor,-12.87100029,-4.44299984,0.612999976,0
14,Indoor,-10.26599979,-5.822000027,1.378999949,0
15,Indoor,-9.19299984,-6.129000187,-0.305999994,0
16,Indoor,-7.507999897,-4.75,-0.764999986,0
17,Indoor,-7.201000214,-4.597000122,-0.611999989,0
18,Indoor,-8.427000046,-5.515999794,1.072000027,0
19,Indoor,-8.119999886,-3.371000051,-0.152999997,0
20,Indoor,-8.579999924,-4.75,0.305999994,0
21,Indoor,-9.805999756,-3.677000046,-2.604000092,0
22,Indoor,-9.805999756,-3.677000046,-1.531999946,0
23,Indoor,-11.3380003,-3.523999929,-2.144999981,0
24,Indoor,-14.25,-5.362999916,0.152999997,0
25,Indoor,-11.3380003,-3.371000051,0.765999973,0
26,Indoor,-9.652999878,-5.975999832,0,0
27,Indoor,-8.427000046,-4.75,-1.684999943,0
28,Indoor,-6.434999943,-4.44299984,-0.611999989,0
29,Indoor,-6.434999943,-5.362999916,-0.152999997,0
30,Indoor,-9.345999718,-5.975999832,-0.91900003,0
31,Indoor,-8.732999802,-3.829999924,-1.225000024,0
32,Indoor,-9.5,-3.829999924,-1.838000059,0
33,Indoor,-9.039999962,-3.677000046,-1.378000021,0
34,Indoor,-10.41899967,-3.677000046,-1.684999943,0
35,Indoor,-14.25,-5.209000111,-1.378000021,0
36,Indoor,-12.87100029,-3.063999891,-2.450999975,0
37,Indoor,-9.345999718,-5.975999832,2.298000097,0
38,Indoor,-8.732999802,-4.902999878,0,0
39,Indoor,-6.587999821,-4.75,-0.91900003,0
40,Indoor,-6.127999783,-5.056000233,-0.764999986,0
41,Indoor,-8.274000168,-6.434999943,-0.305999994,0
42,Indoor,-9.652999878,-3.371000051,-0.305999994,0
43,Indoor,-9.805999756,-5.056000233,-1.991000056,0
44,Indoor,-8.732999802,-3.829999924,-1.838000059,0
45,Indoor,-8.732999802,-3.829999924,-0.458999991,0
46,Indoor,-11.95100021,-4.44299984,-1.225000024,0
47,Indoor,-13.32999992,-4.902999878,-0.764999986,0
48,Indoor,-10.41899967,-5.056000233,-0.764999986,0
49,Indoor,-9.19299984,-5.669000149,0.612999976,0
50,Indoor,-8.427000046,-4.44299984,-1.072000027,0
1,Indoor,0.612999976,8.581000328,-6.282000065,0
2,Indoor,2.144999981,9.194000244,-2.911000013,0
3,Indoor,2.144999981,9.039999962,-2.911000013,0
4,Indoor,2.144999981,9.194000244,-3.063999891,0
5,Indoor,2.144999981,9.347000122,-2.911000013,0
6,Indoor,1.991999984,9.039999962,-2.756999969,0
7,Indoor,2.144999981,9.194000244,-3.063999891,0
8,Indoor,2.451999903,9.039999962,-3.063999891,0
9,Indoor,2.144999981,9.194000244,-2.911000013,0
10,Indoor,1.838999987,9.5,-2.450999975,0
11,Indoor,1.991999984,9.5,-2.144999981,0
12,Indoor,1.68599999,9.5,-2.144999981,0
13,Indoor,1.991999984,9.5,-2.298000097,0
14,Indoor,1.991999984,9.347000122,-1.225000024,0
15,Indoor,1.378999949,9.80700016,-1.531999946,0
16,Indoor,0.91900003,9.652999878,-0.764999986,0
17,Indoor,1.072999954,9.5,-1.072000027,0
18,Indoor,1.225999951,10.11299992,-1.072000027,0
19,Indoor,1.838999987,10.11299992,-0.764999986,0
20,Indoor,1.225999951,9.652999878,-0.305999994,0
21,Indoor,0.612999976,10.26599979,0.305999994,0
22,Indoor,0.765999973,9.652999878,-0.305999994,0
23,Indoor,0.612999976,10.11299992,0.152999997,0
24,Indoor,0.612999976,9.80700016,0.152999997,0
25,Indoor,0.765999973,9.960000038,0,0
26,Indoor,0.765999973,9.80700016,0,0
27,Indoor,0.91900003,9.960000038,0,0
28,Indoor,0.91900003,9.960000038,-0.305999994,0
29,Indoor,0.765999973,9.80700016,0,0
30,Indoor,0.91900003,9.80700016,0,0
31,Indoor,0.91900003,9.960000038,-0.152999997,0
32,Indoor,0.612999976,10.11299992,-0.152999997,0
33,Indoor,1.072999954,10.41899967,-0.611999989,0
34,Indoor,0.460000008,9.5,-0.305999994,0
35,Indoor,0.460000008,10.41899967,0,0
36,Indoor,0.305999994,9.80700016,0,0
37,Indoor,0.765999973,9.80700016,0.305999994,0
38,Indoor,0.460000008,9.960000038,0.305999994,0
39,Indoor,0.305999994,9.960000038,0.152999997,0
40,Indoor,0.765999973,9.960000038,0.152999997,0
41,Indoor,0.612999976,9.80700016,0.152999997,0
42,Indoor,0.612999976,9.80700016,0,0
43,Indoor,0.460000008,9.652999878,0.305999994,0
44,Indoor,0.460000008,9.960000038,0,0
45,Indoor,0.460000008,9.80700016,0,0
46,Indoor,0.765999973,9.960000038,0.305999994,0
47,Indoor,0.612999976,9.80700016,0,0
48,Indoor,0.460000008,9.80700016,0.152999997,0
49,Indoor,0.91900003,10.11299992,0.305999994,0
50,Indoor,0.612999976,9.80700016,0,0
1,Indoor,-1.991000056,2.757999897,9.194000244,0
2,Indoor,-1.838000059,2.604000092,9.041000366,0
3,Indoor,-2.144000053,2.604000092,9.347000122,0
4,Indoor,-2.144000053,2.911000013,8.734000206,0
5,Indoor,-2.298000097,2.450999975,9.654000282,0
6,Indoor,-1.991000056,2.604000092,8.734000206,0
7,Indoor,-1.991000056,2.450999975,9.194000244,0
8,Indoor,-1.838000059,1.991999984,9.654000282,0
9,Indoor,-1.684999943,2.144999981,9.5,0
10,Indoor,-1.225000024,1.684999943,9.80700016,0
11,Indoor,-0.764999986,1.531999946,9.5,0
12,Indoor,-0.611999989,1.225000024,9.80700016,0
13,Indoor,-0.305999994,1.378999949,9.654000282,0
14,Indoor,-0.305999994,1.378999949,9.654000282,0
15,Indoor,-0.611999989,1.378999949,9.347000122,0
16,Indoor,-0.458999991,1.378999949,9.654000282,0
17,Indoor,-0.458999991,1.378999949,9.5,0
18,Indoor,-0.305999994,1.378999949,9.654000282,0
19,Indoor,-0.611999989,1.378999949,9.5,0
20,Indoor,-0.305999994,1.378999949,9.80700016,0
21,Indoor,-0.611999989,1.225000024,9.960000038,0
22,Indoor,-0.764999986,1.378999949,9.5,0
23,Indoor,-0.917999983,1.225000024,9.654000282,0
24,Indoor,-1.531000018,1.378999949,9.5,0
25,Indoor,-1.684999943,1.378999949,9.80700016,0
26,Indoor,-1.684999943,1.531999946,9.80700016,0
27,Indoor,-1.531000018,1.378999949,9.5,0
28,Indoor,-1.838000059,1.378999949,9.5,0
29,Indoor,-1.684999943,1.531999946,9.654000282,0
30,Indoor,-1.684999943,1.378999949,9.5,0
31,Indoor,-1.531000018,1.531999946,9.654000282,0
32,Indoor,-1.684999943,1.378999949,9.5,0
33,Indoor,-1.531000018,1.378999949,9.654000282,0
34,Indoor,-1.684999943,1.378999949,9.654000282,0
35,Indoor,-1.531000018,1.378999949,9.654000282,0
36,Indoor,-1.531000018,1.072000027,9.5,0
37,Indoor,-1.838000059,0.91900003,9.654000282,0
38,Indoor,-1.684999943,1.072000027,9.654000282,0
39,Indoor,-1.531000018,0.91900003,9.5,0
40,Indoor,-1.838000059,1.072000027,9.5,0
41,Indoor,-1.838000059,1.072000027,9.654000282,0
42,Indoor,-1.838000059,0.91900003,9.5,0
43,Indoor,-1.684999943,1.072000027,9.654000282,0
44,Indoor,-1.838000059,1.072000027,9.654000282,0
45,Indoor,-1.838000059,0.91900003,9.5,0
46,Indoor,-1.991000056,0.91900003,9.654000282,0
47,Indoor,-1.838000059,0.91900003,9.5,0
48,Indoor,-1.838000059,0.91900003,9.654000282,0
49,Indoor,-1.684999943,0.91900003,9.654000282,0
50,Indoor,-1.684999943,0.91900003,9.5,0
1,Indoor,6.589000225,7.660999775,-0.458999991,1
2,Indoor,6.895999908,9.039999962,1.991999984,1
3,Indoor,5.05700016,6.434999943,1.684999943,1
4,Indoor,7.202000141,9.5,0.458999991,1
5,Indoor,2.298000097,6.129000187,-6.282000065,1
6,Indoor,5.670000076,8.734000206,1.072000027,1
7,Indoor,4.290999889,9.194000244,-1.684999943,1
8,Indoor,3.983999968,9.194000244,-0.152999997,1
9,Indoor,2.298000097,8.734000206,1.378999949,1
10,Indoor,-2.910000086,9.960000038,6.43599987,1
11,Indoor,-0.917999983,9.194000244,5.056000233,1
12,Indoor,-1.072000027,9.5,3.83100009,1
13,Indoor,-3.063999891,8.274000168,4.137000084,1
14,Indoor,-1.991000056,9.5,3.677000046,1
15,Indoor,-0.917999983,8.887000084,3.063999891,1
16,Indoor,-0.305999994,9.652999878,1.838999987,1
17,Indoor,1.838999987,11.79899979,1.531999946,1
18,Indoor,-1.378000021,10.26599979,1.838999987,1
19,Indoor,0.305999994,9.039999962,0.305999994,1
20,Indoor,2.144999981,11.95199966,2.298000097,1
21,Indoor,-1.838000059,8.274000168,0.305999994,1
22,Indoor,-3.98300004,8.887000084,2.605000019,1
23,Indoor,4.137000084,6.282000065,5.210000038,1
24,Indoor,8.42800045,8.427000046,1.225999951,1
25,Indoor,1.378999949,9.5,-2.911000013,1
26,Indoor,7.662000179,4.902999878,-0.458999991,1
27,Indoor,8.42800045,7.507999897,-0.764999986,1
28,Indoor,11.79899979,2.298000097,1.225999951,1
29,Indoor,8.581000328,2.757999897,-0.152999997,1
30,Indoor,13.33100033,2.757999897,1.072000027,1
31,Indoor,11.64599991,0.152999997,0.91900003,1
32,Indoor,9.501000404,0,0,1
33,Indoor,9.80700016,-0.305999994,-0.458999991,1
34,Indoor,11.33899975,-1.991999984,2.144999981,1
35,Indoor,9.041000366,-2.144999981,0.765999973,1
36,Indoor,11.64599991,2.604000092,3.063999891,1
37,Indoor,6.282999992,-7.507999897,-1.838000059,1
38,Indoor,5.362999916,-6.894999981,-0.611999989,1
39,Indoor,5.975999832,-7.81400013,1.838999987,1
40,Indoor,3.371000051,-8.887000084,4.137000084,1
41,Indoor,4.902999878,-7.81400013,2.144999981,1
42,Indoor,1.838999987,-7.202000141,0,1
43,Indoor,3.371000051,-8.427000046,-0.458999991,1
44,Indoor,0.765999973,-8.734000206,1.531999946,1
45,Indoor,1.378999949,-7.81400013,3.983999968,1
46,Indoor,-0.611999989,-7.202000141,4.443999767,1
47,Indoor,-2.144000053,-5.975999832,2.911000013,1
48,Indoor,2.911000013,-6.129000187,11.03299999,1
49,Indoor,-2.604000092,-4.75,9.347000122,1
50,Indoor,0.612999976,2.604000092,3.83100009,1
1,Indoor,-3.829999924,3.523999929,6.894999981,0
2,Indoor,-4.136000156,2.450999975,7.967999935,0
3,Indoor,-7.047999859,2.604000092,10.87899971,0
4,Indoor,-6.894999981,3.063999891,5.669000149,0
5,Indoor,-4.596000195,3.983999968,7.660999775,0
6,Indoor,-5.974999905,5.056000233,6.894999981,0
7,Indoor,-6.741000175,5.209000111,6.894999981,0
8,Indoor,-8.427000046,3.983999968,9.960000038,0
9,Indoor,-6.894999981,1.684999943,7.660999775,0
10,Indoor,-5.209000111,2.450999975,4.443999767,0
11,Indoor,-5.669000149,2.911000013,5.362999916,0
12,Indoor,-5.822000027,3.829999924,5.669000149,0
13,Indoor,-6.127999783,4.597000122,5.210000038,0
14,Indoor,-7.660999775,4.75,6.894999981,0
15,Indoor,-7.507999897,2.450999975,9.654000282,0
16,Indoor,-6.741000175,2.757999897,3.523999929,0
17,Indoor,-5.514999866,3.063999891,6.43599987,0
18,Indoor,-5.974999905,4.75,5.669000149,0
19,Indoor,-5.669000149,5.822000027,7.048999786,0
20,Indoor,-5.974999905,5.975999832,8.734000206,0
21,Indoor,-5.361999989,3.063999891,7.967999935,0
22,Indoor,-5.822000027,3.829999924,4.75,0
23,Indoor,-5.669000149,3.523999929,7.048999786,0
24,Indoor,-5.974999905,4.137000084,5.515999794,0
25,Indoor,-5.209000111,4.597000122,4.443999767,0
26,Indoor,-6.282000065,4.289999962,7.355000019,0
27,Indoor,-8.732999802,3.829999924,6.129000187,0
28,Indoor,-6.587999821,3.217000008,5.515999794,0
29,Indoor,-5.209000111,3.063999891,7.660999775,0
30,Indoor,-3.829999924,5.515999794,7.355000019,0
31,Indoor,-5.056000233,5.056000233,8.274000168,0
32,Indoor,-5.209000111,5.669000149,8.12100029,0
33,Indoor,-5.974999905,3.217000008,9.041000366,0
34,Indoor,-4.289999962,3.371000051,7.048999786,0
35,Indoor,-3.523000002,2.757999897,8.12100029,0
36,Indoor,-2.910000086,3.677000046,8.42800045,0
37,Indoor,-3.063999891,5.056000233,7.815000057,0
38,Indoor,-3.829999924,5.515999794,7.815000057,0
39,Indoor,-4.44299984,5.975999832,7.967999935,0
40,Indoor,-4.596000195,2.911000013,9.347000122,0
41,Indoor,-3.829999924,3.829999924,5.975999832,0
42,Indoor,-2.450999975,5.056000233,7.507999897,0
43,Indoor,-3.369999886,5.362999916,6.43599987,0
44,Indoor,-2.910000086,6.129000187,7.660999775,0
45,Indoor,-2.756999969,7.047999859,10.57299995,0
46,Indoor,-4.902999878,4.137000084,13.02499962,0
47,Indoor,-1.991000056,4.289999962,4.289999962,0
48,Indoor,-3.217000008,4.597000122,7.660999775,0
49,Indoor,-2.604000092,5.669000149,6.282000065,0
50,Indoor,-2.910000086,5.822000027,5.975999832,0
1,Outside,-5.514999866,-5.056000233,-2.604000092,0
2,Outside,-3.829999924,-7.202000141,-1.378000021,0
3,Outside,-6.587999821,-8.427000046,-3.217000008,0
4,Outside,-10.26599979,-8.274000168,-0.152999997,0
5,Outside,-6.587999821,-6.129000187,0.91900003,0
6,Outside,-6.127999783,-4.902999878,-0.764999986,0
7,Outside,-6.894999981,-5.822000027,-1.684999943,0
8,Outside,-9.039999962,-9.960000038,1.531999946,0
9,Outside,-9.345999718,-9.039999962,-5.056000233,0
10,Outside,-6.894999981,-7.660999775,-0.458999991,0
11,Outside,-4.289999962,-7.047999859,0.152999997,0
12,Outside,-4.136000156,-7.047999859,-0.458999991,0
13,Outside,-6.741000175,-10.72599983,2.298000097,0
14,Outside,-9.039999962,-11.79899979,6.894999981,0
15,Outside,1.072999954,-5.975999832,-5.056000233,0
16,Outside,-2.450999975,-7.047999859,0.765999973,0
17,Outside,-5.361999989,-7.660999775,0.305999994,0
18,Outside,-5.669000149,-8.274000168,1.225999951,0
19,Outside,-8.274000168,-11.49199963,1.378999949,0
20,Outside,-7.507999897,-7.967999935,-0.305999994,0
21,Outside,-2.604000092,-8.734000206,2.911000013,0
22,Outside,-3.677000046,-6.742000103,0,0
23,Outside,-3.677000046,-6.434999943,-0.764999986,0
24,Outside,-5.209000111,-9.039999962,2.298000097,0
25,Outside,-7.201000214,-12.56499958,-2.450999975,0
26,Outside,-5.514999866,-8.887000084,2.144999981,0
27,Outside,-2.756999969,-7.967999935,3.063999891,0
28,Outside,-3.677000046,-7.507999897,0.458999991,0
29,Outside,-4.902999878,-8.12100029,-0.91900003,0
30,Outside,-4.44299984,-10.87899971,-1.378000021,0
31,Outside,-7.660999775,-12.25800037,-0.764999986,0
32,Outside,-3.369999886,-7.81400013,-0.91900003,0
33,Outside,-5.822000027,-7.967999935,1.378999949,0
34,Outside,-5.361999989,-7.202000141,-1.838000059,0
35,Outside,-4.44299984,-8.734000206,0.305999994,0
36,Outside,-7.201000214,-11.03199959,-1.531999946,0
37,Outside,-5.669000149,-7.202000141,1.378999949,0
38,Outside,-4.596000195,-6.282000065,-0.764999986,0
39,Outside,-5.974999905,-4.902999878,-3.98300004,0
40,Outside,-8.579999924,-5.975999832,-2.298000097,0
41,Outside,-8.887000084,-7.355000019,-2.911000013,0
42,Outside,-11.3380003,-8.734000206,-1.838000059,0
43,Outside,-7.660999775,-9.194000244,1.072000027,0
44,Outside,-5.361999989,-6.282000065,-1.072000027,0
45,Outside,-5.056000233,-5.975999832,-1.531999946,0
46,Outside,-4.749000072,-6.589000225,-1.378000021,0
47,Outside,-6.894999981,-10.87899971,-2.144999981,0
48,Outside,-8.887000084,-7.81400013,1.531999946,0
49,Outside,-6.741000175,-6.742000103,-2.604000092,0
50,Outside,-6.894999981,-5.056000233,-2.604000092,0
1,Outside,-7.354000092,-4.289999962,1.378999949,0
2,Outside,-5.209000111,-2.757999897,-2.144999981,0
3,Outside,-8.887000084,-3.371000051,-0.305999994,0
4,Outside,-10.72500038,-5.056000233,-0.458999991,0
5,Outside,-15.62899971,-7.660999775,1.225999951,0
6,Outside,-9.958999634,-5.669000149,2.298000097,0
7,Outside,-6.127999783,-4.75,0.152999997,0
8,Outside,-4.289999962,-4.597000122,-1.838000059,0
9,Outside,-5.822000027,-5.822000027,-2.144999981,0
10,Outside,-9.958999634,-12.41100025,-2.450999975,0
11,Outside,-12.41100025,-5.822000027,1.991999984,0
12,Outside,-6.127999783,-3.371000051,-6.894999981,0
13,Outside,-8.732999802,-3.371000051,-0.305999994,0
14,Outside,-12.10499954,-5.362999916,-2.298000097,0
15,Outside,-16.39500046,-6.282000065,3.217999935,0
16,Outside,-9.345999718,-6.894999981,2.298000097,0
17,Outside,-6.127999783,-5.822000027,0.305999994,0
18,Outside,-5.361999989,-5.209000111,-0.305999994,0
19,Outside,-5.056000233,-5.362999916,-1.531999946,0
20,Outside,-7.507999897,-9.80700016,-0.152999997,0
21,Outside,-12.56400013,-4.902999878,1.378999949,0
22,Outside,-9.958999634,-5.515999794,-2.298000097,0
23,Outside,-6.282000065,-2.604000092,-1.378000021,0
24,Outside,-8.119999886,-3.217000008,-1.225000024,0
25,Outside,-13.02400017,-5.056000233,-0.305999994,0
26,Outside,-15.47599983,-7.355000019,1.531999946,0
27,Outside,-9.652999878,-5.975999832,4.597000122,0
28,Outside,-5.974999905,-6.282000065,0.612999976,0
29,Outside,-3.98300004,-4.75,-1.531999946,0
30,Outside,-6.282000065,-6.589000225,-1.378000021,0
31,Outside,-10.72500038,-9.80700016,-2.756999969,0
32,Outside,-10.41899967,-6.282000065,3.217999935,0
33,Outside,-7.81400013,-3.677000046,-1.225000024,0
34,Outside,-7.660999775,-3.677000046,-1.072000027,0
35,Outside,-11.3380003,-4.137000084,-0.91900003,0
36,Outside,-12.71700001,-8.427000046,0.305999994,0
37,Outside,-11.03199959,-4.75,-2.911000013,0
38,Outside,-7.354000092,-5.209000111,0.458999991,0
39,Outside,-6.282000065,-5.209000111,0,0
40,Outside,-5.822000027,-5.975999832,-2.144999981,0
41,Outside,-8.427000046,-8.887000084,0,0
42,Outside,-7.660999775,-6.742000103,-0.458999991,0
43,Outside,-8.579999924,-4.597000122,0.458999991,0
44,Outside,-6.741000175,-3.523999929,-3.369999886,0
45,Outside,-8.274000168,-4.137000084,-0.91900003,0
46,Outside,-11.95100021,-5.669000149,-0.91900003,0
47,Outside,-14.25,-8.427000046,0.152999997,0
48,Outside,-9.039999962,-7.202000141,1.531999946,0
49,Outside,-6.587999821,-6.129000187,-1.225000024,0
50,Outside,-5.361999989,-5.515999794,0.152999997,0
1,Outside,-11.49199963,-2.450999975,9.041000366,0
2,Outside,-13.17700005,-3.983999968,4.443999767,0
3,Outside,-19.76600075,2.604000092,-14.40299988,0
4,Outside,-3.98300004,-2.144999981,2.298000097,0
5,Outside,-4.596000195,-3.371000051,3.983999968,0
6,Outside,-7.047999859,-6.129000187,2.605000019,0
7,Outside,-5.822000027,-5.209000111,-0.458999991,0
8,Outside,-5.669000149,-5.822000027,-1.072000027,0
9,Outside,-5.669000149,-4.597000122,2.605000019,0
10,Outside,19.30800056,-19.45999908,-1.684999943,0
11,Outside,9.654000282,-5.975999832,9.654000282,0
12,Outside,3.371000051,-3.371000051,1.225999951,0
13,Outside,3.065000057,-5.669000149,-2.911000013,0
14,Outside,11.49300003,-10.26599979,-0.152999997,0
15,Outside,-1.378000021,0.152999997,7.202000141,0
16,Outside,0.765999973,-19.45999908,6.742000103,0
17,Outside,1.68599999,-8.581000328,1.225999951,0
18,Outside,3.217999935,-8.734000206,2.450999975,0
19,Outside,-1.531000018,-13.79100037,-2.911000013,0
20,Outside,0.460000008,-13.94400024,-5.209000111,0
21,Outside,9.80700016,-9.80700016,-15.32299995,0
22,Outside,1.378999949,-1.378999949,3.523999929,0
23,Outside,3.065000057,-2.450999975,3.063999891,0
24,Outside,0.612999976,-14.40400028,-8.12100029,0
25,Outside,12.25899982,-19.45999908,1.684999943,0
26,Outside,-0.305999994,-1.684999943,9.654000282,0
27,Outside,-0.458999991,-7.967999935,0.152999997,0
28,Outside,2.451999903,-7.81400013,2.757999897,0
29,Outside,3.217999935,-9.039999962,2.450999975,0
30,Outside,-3.523000002,-18.38800049,-0.305999994,0
31,Outside,11.64599991,-11.49199963,3.371000051,0
32,Outside,-1.225000024,-10.72599983,2.605000019,0
33,Outside,2.298000097,-1.684999943,3.063999891,0
34,Outside,3.065000057,-5.056000233,0,0
35,Outside,6.129000187,-9.5,1.838999987,0
36,Outside,1.072999954,-3.371000051,5.056000233,0
37,Outside,5.362999916,-13.02400017,1.531999946,0
38,Outside,-1.072000027,-8.581000328,-7.507999897,0
39,Outside,1.531999946,-8.427000046,1.991999984,0
40,Outside,4.902999878,-9.5,-0.611999989,0
41,Outside,-4.596000195,-14.86299992,-8.12100029,0
42,Outside,3.371000051,-19.45999908,16.70199966,0
43,Outside,0.612999976,-2.144999981,3.83100009,0
44,Outside,3.065000057,-1.684999943,2.450999975,0
45,Outside,8.42800045,-18.54100037,-19.30699921,0
46,Outside,17.62199974,-17.46800041,3.063999891,0
47,Outside,-3.063999891,-0.765999973,8.734000206,0
48,Outside,0.152999997,-13.17800045,2.605000019,0
49,Outside,2.911000013,-7.81400013,2.144999981,0
50,Outside,2.298000097,-9.194000244,0.612999976,0
1,Outside,-5.514999866,2.604000092,6.129000187,0
2,Outside,-4.596000195,3.829999924,8.274000168,0
3,Outside,-6.434999943,3.829999924,8.887000084,0
4,Outside,-5.974999905,1.991999984,10.72599983,0
5,Outside,-5.209000111,0.611999989,5.975999832,0
6,Outside,-3.98300004,1.225000024,5.362999916,0
7,Outside,-4.136000156,2.298000097,6.589000225,0
8,Outside,-5.361999989,3.063999891,6.43599987,0
9,Outside,-6.587999821,2.911000013,5.975999832,0
10,Outside,-4.596000195,1.838000059,9.654000282,0
11,Outside,-5.209000111,2.604000092,6.282000065,0
12,Outside,-3.063999891,3.371000051,7.967999935,0
13,Outside,-4.136000156,4.44299984,9.960000038,0
14,Outside,-3.98300004,4.289999962,11.33899975,0
15,Outside,-5.822000027,1.991999984,13.48400021,0
16,Outside,-3.98300004,1.684999943,8.581000328,0
17,Outside,-3.829999924,2.298000097,6.894999981,0
18,Outside,-5.669000149,2.757999897,5.515999794,0
19,Outside,-5.514999866,2.911000013,10.87899971,0
20,Outside,-5.056000233,2.911000013,10.87899971,0
21,Outside,-4.596000195,2.911000013,9.347000122,0
22,Outside,-1.684999943,3.829999924,7.355000019,0
23,Outside,-2.910000086,4.75,9.960000038,0
24,Outside,-2.298000097,3.983999968,13.02499962,0
25,Outside,-4.596000195,2.450999975,12.25800037,0
26,Outside,-2.604000092,1.684999943,6.742000103,0
27,Outside,-1.838000059,2.911000013,7.202000141,0
28,Outside,-2.298000097,4.75,7.355000019,0
29,Outside,-3.829999924,4.289999962,10.42000008,0
30,Outside,-4.596000195,2.757999897,9.654000282,0
31,Outside,-3.369999886,2.298000097,4.902999878,0
32,Outside,-2.450999975,2.757999897,7.507999897,0
33,Outside,-1.531000018,4.597000122,7.815000057,0
34,Outside,-2.756999969,5.669000149,8.734000206,0
35,Outside,-1.531000018,4.75,8.274000168,0
36,Outside,-1.991000056,2.911000013,9.194000244,0
37,Outside,-1.838000059,2.604000092,7.355000019,0
38,Outside,-1.684999943,3.677000046,7.048999786,0
39,Outside,-2.604000092,5.056000233,8.12100029,0
40,Outside,-3.523000002,4.902999878,11.33899975,0
41,Outside,-5.361999989,2.757999897,13.17800045,0
42,Outside,-3.217000008,3.371000051,6.129000187,0
43,Outside,-2.756999969,3.523999929,6.129000187,0
44,Outside,-2.604000092,4.597000122,7.507999897,0
45,Outside,-3.523000002,5.362999916,11.33899975,0
46,Outside,-2.144000053,4.75,9.194000244,0
47,Outside,-1.531000018,3.063999891,8.12100029,0
48,Outside,-1.991000056,3.371000051,7.048999786,0
49,Outside,-1.991000056,4.44299984,6.282000065,0
50,Outside,-2.450999975,5.209000111,7.967999935,0
1,Outside,-0.611999989,3.371000051,9.347000122,0
2,Outside,-1.991000056,4.44299984,8.734000206,0
3,Outside,-2.604000092,4.597000122,10.87899971,0
4,Outside,-3.677000046,7.047999859,10.42000008,0
5,Outside,-3.677000046,5.975999832,9.041000366,0
6,Outside,-2.298000097,5.669000149,4.597000122,0
7,Outside,0,6.894999981,4.289999962,0
8,Outside,1.378999949,8.734000206,3.677000046,0
9,Outside,3.677999973,11.95199966,2.911000013,0
10,Outside,1.838999987,6.434999943,11.03299999,0
11,Outside,2.144999981,7.047999859,2.450999975,0
12,Outside,2.757999897,5.822000027,8.887000084,0
13,Outside,1.991999984,7.81400013,0.152999997,0
14,Outside,2.605000019,7.047999859,-0.91900003,0
15,Outside,1.531999946,17.00900078,-3.677000046,0
16,Outside,-3.217000008,4.902999878,18.23500061,0
17,Outside,-2.144000053,7.355000019,3.983999968,0
18,Outside,-2.144000053,8.734000206,-0.764999986,0
19,Outside,1.378999949,5.362999916,0.458999991,0
20,Outside,-2.604000092,15.01599979,-2.144999981,0
21,Outside,3.677999973,12.87100029,2.450999975,0
22,Outside,-3.677000046,10.41899967,-2.604000092,0
23,Outside,-2.298000097,6.589000225,1.991999984,0
24,Outside,-2.604000092,9.80700016,-3.369999886,0
25,Outside,-2.604000092,10.57299995,1.072000027,0
26,Outside,-8.274000168,13.33100033,0.458999991,0
27,Outside,-3.829999924,7.81400013,2.450999975,0
28,Outside,-2.144000053,7.047999859,-2.604000092,0
29,Outside,-1.991000056,7.967999935,-1.072000027,0
30,Outside,-2.144000053,8.12100029,-2.756999969,0
31,Outside,-2.450999975,10.11299992,-1.991000056,0
32,Outside,-3.98300004,15.78299999,-4.289999962,0
33,Outside,3.523999929,10.11299992,-1.684999943,0
34,Outside,-1.838000059,7.507999897,-1.225000024,0
35,Outside,-0.917999983,6.894999981,-2.450999975,0
36,Outside,-1.531000018,8.581000328,-2.604000092,0
37,Outside,-6.127999783,15.32299995,-4.75,0
38,Outside,-3.523000002,8.581000328,2.757999897,0
39,Outside,-2.298000097,7.967999935,-3.523999929,0
40,Outside,-0.458999991,8.734000206,-2.756999969,0
41,Outside,0.612999976,6.742000103,-0.458999991,0
42,Outside,4.902999878,6.894999981,3.983999968,0
43,Outside,3.523999929,2.604000092,11.18599987,0
44,Outside,-2.756999969,0.611999989,9.347000122,0
45,Outside,-3.063999891,2.911000013,6.129000187,0
46,Outside,-3.217000008,3.829999924,7.967999935,0
47,Outside,-6.127999783,5.362999916,10.72599983,0
48,Outside,-6.434999943,1.838000059,11.03299999,0
49,Outside,-4.902999878,3.829999924,8.581000328,0
50,Outside,-2.756999969,5.209000111,5.362999916,0
1,Playing Cricket,0.91900003,-0.152999997,9.654000282,0
2,Playing Cricket,0.460000008,0,9.654000282,0
3,Playing Cricket,0.305999994,0,9.960000038,0
4,Playing Cricket,-0.152999997,1.225000024,10.42000008,0
5,Playing Cricket,-1.531000018,0.611999989,9.960000038,0
6,Playing Cricket,-1.531000018,1.225000024,9.80700016,0
7,Playing Cricket,-2.910000086,0.458999991,5.056000233,0
8,Playing Cricket,-1.684999943,-5.669000149,3.217999935,0
9,Playing Cricket,-10.57199955,-0.91900003,9.041000366,0
10,Playing Cricket,-12.56400013,1.838000059,8.42800045,0
11,Playing Cricket,-13.32999992,2.144999981,-6.587999821,0
12,Playing Cricket,-10.11299992,-2.757999897,1.838999987,0
13,Playing Cricket,-7.507999897,-4.289999962,-1.072000027,0
14,Playing Cricket,-7.81400013,-9.960000038,-2.450999975,0
15,Playing Cricket,-0.611999989,-4.902999878,0.152999997,0
16,Playing Cricket,0.152999997,-3.983999968,1.838999987,0
17,Playing Cricket,5.670000076,-2.450999975,2.911000013,0
18,Playing Cricket,2.605000019,-10.72599983,0.305999994,0
19,Playing Cricket,-2.298000097,-12.56499958,-3.829999924,0
20,Playing Cricket,-5.822000027,-13.63700008,9.654000282,0
21,Playing Cricket,3.065000057,-8.274000168,-7.047999859,0
22,Playing Cricket,7.662000179,-8.581000328,2.298000097,0
23,Playing Cricket,3.983999968,-10.11299992,-1.531999946,0
24,Playing Cricket,-3.523000002,-5.209000111,-2.144999981,0
25,Playing Cricket,6.895999908,-6.129000187,-7.047999859,0
26,Playing Cricket,3.523999929,-19.45999908,2.144999981,0
27,Playing Cricket,2.451999903,-17.62100029,2.605000019,0
28,Playing Cricket,-3.677000046,-2.911000013,-3.829999924,0
29,Playing Cricket,-2.910000086,-8.887000084,-5.209000111,0
30,Playing Cricket,-1.838000059,-7.81400013,-2.450999975,0
31,Playing Cricket,0.612999976,-10.26599979,-4.289999962,0
32,Playing Cricket,1.838999987,-7.967999935,-2.604000092,0
33,Playing Cricket,0.612999976,-8.887000084,-3.523999929,0
34,Playing Cricket,-0.305999994,-11.64500046,-4.44299984,0
35,Playing Cricket,0,-9.652999878,-2.450999975,0
36,Playing Cricket,1.991999984,-7.355000019,-1.991000056,0
37,Playing Cricket,-0.764999986,-10.26599979,-2.756999969,0
38,Playing Cricket,0,-9.194000244,-1.684999943,0
39,Playing Cricket,-0.917999983,-9.5,-1.225000024,0
40,Playing Cricket,0.152999997,-9.80700016,-1.225000024,0
41,Playing Cricket,0.765999973,-9.194000244,-1.225000024,0
42,Playing Cricket,0.91900003,-9.960000038,0.152999997,0
43,Playing Cricket,0.765999973,-10.87899971,-4.596000195,0
44,Playing Cricket,3.983999968,-9.347000122,-1.531999946,0
45,Playing Cricket,2.757999897,-8.734000206,-2.298000097,0
46,Playing Cricket,-0.917999983,-11.95199966,-3.829999924,0
47,Playing Cricket,3.83100009,-7.660999775,-1.684999943,0
48,Playing Cricket,3.217999935,-9.80700016,-2.298000097,0
49,Playing Cricket,-0.152999997,-8.12100029,0.91900003,0
50,Playing Cricket,2.605000019,-12.56499958,-0.458999991,0
1,Playing Cricket,-4.289999962,0.305999994,5.669000149,0
2,Playing Cricket,-3.98300004,0.611999989,7.660999775,0
3,Playing Cricket,-4.44299984,0.611999989,7.202000141,0
4,Playing Cricket,-3.217000008,0.765999973,9.654000282,0
5,Playing Cricket,-4.136000156,0.91900003,10.11299992,0
6,Playing Cricket,-3.063999891,2.144999981,9.654000282,0
7,Playing Cricket,-3.063999891,1.838000059,9.80700016,0
8,Playing Cricket,-2.298000097,2.450999975,7.815000057,0
9,Playing Cricket,-3.369999886,2.298000097,9.347000122,0
10,Playing Cricket,-3.063999891,2.298000097,8.887000084,0
11,Playing Cricket,-5.209000111,2.450999975,8.887000084,0
12,Playing Cricket,-2.910000086,3.677000046,8.12100029,0
13,Playing Cricket,-2.756999969,4.137000084,7.967999935,0
14,Playing Cricket,-3.98300004,4.289999962,8.887000084,0
15,Playing Cricket,-3.677000046,4.289999962,7.815000057,0
16,Playing Cricket,-4.289999962,4.75,7.967999935,0
17,Playing Cricket,-4.136000156,4.597000122,7.202000141,0
18,Playing Cricket,-4.289999962,4.137000084,9.80700016,0
19,Playing Cricket,-4.136000156,4.597000122,6.43599987,0
20,Playing Cricket,-4.44299984,4.289999962,7.507999897,0
21,Playing Cricket,-3.98300004,3.829999924,9.041000366,0
22,Playing Cricket,-3.369999886,4.289999962,8.274000168,0
23,Playing Cricket,-3.063999891,3.063999891,9.5,0
24,Playing Cricket,-3.98300004,3.677000046,7.048999786,0
25,Playing Cricket,-2.450999975,3.677000046,9.041000366,0
26,Playing Cricket,-2.910000086,3.983999968,8.887000084,0
27,Playing Cricket,-2.450999975,3.829999924,8.42800045,0
28,Playing Cricket,-2.144000053,4.289999962,8.42800045,0
29,Playing Cricket,-2.450999975,4.137000084,8.734000206,0
30,Playing Cricket,-2.604000092,4.137000084,8.581000328,0
31,Playing Cricket,-2.756999969,4.289999962,7.660999775,0
32,Playing Cricket,-2.450999975,4.289999962,8.581000328,0
33,Playing Cricket,-2.756999969,4.597000122,8.12100029,0
34,Playing Cricket,-3.217000008,4.75,8.734000206,0
35,Playing Cricket,-2.756999969,4.902999878,8.42800045,0
36,Playing Cricket,-2.450999975,4.75,8.12100029,0
37,Playing Cricket,-2.910000086,4.902999878,8.581000328,0
38,Playing Cricket,-2.910000086,5.056000233,7.815000057,0
39,Playing Cricket,-2.756999969,4.902999878,8.274000168,0
40,Playing Cricket,-3.217000008,5.056000233,8.274000168,0
41,Playing Cricket,-2.910000086,4.902999878,7.967999935,0
42,Playing Cricket,-2.756999969,4.902999878,8.274000168,0
43,Playing Cricket,-2.756999969,4.902999878,8.42800045,0
44,Playing Cricket,-2.910000086,4.902999878,8.12100029,0
45,Playing Cricket,-2.756999969,4.902999878,7.967999935,0
46,Playing Cricket,-2.910000086,4.902999878,8.12100029,0
47,Playing Cricket,-2.910000086,4.75,8.42800045,0
48,Playing Cricket,-3.063999891,4.597000122,8.42800045,0
49,Playing Cricket,-2.450999975,4.137000084,8.42800045,0
50,Playing Cricket,-1.991000056,4.75,9.041000366,0
1,Playing Cricket,-3.829999924,-5.209000111,1.991999984,0
2,Playing Cricket,-0.152999997,-5.975999832,1.838999987,0
3,Playing Cricket,-0.611999989,-5.362999916,1.991999984,0
4,Playing Cricket,-4.136000156,-6.282000065,3.523999929,0
5,Playing Cricket,4.137000084,-8.12100029,-2.298000097,0
6,Playing Cricket,2.298000097,-8.887000084,0.91900003,0
7,Playing Cricket,3.83100009,-9.960000038,-4.902999878,0
8,Playing Cricket,4.137000084,-8.734000206,0.305999994,0
9,Playing Cricket,5.362999916,-7.81400013,-0.458999991,0
10,Playing Cricket,7.355000019,-6.589000225,-3.523999929,0
11,Playing Cricket,5.362999916,-6.742000103,-1.838000059,0
12,Playing Cricket,6.742000103,-8.581000328,0.305999994,0
13,Playing Cricket,4.902999878,-6.894999981,1.225999951,0
14,Playing Cricket,7.815000057,-5.822000027,-1.531999946,0
15,Playing Cricket,7.048999786,-6.129000187,1.378999949,0
16,Playing Cricket,8.581000328,-13.63700008,-13.02400017,0
17,Playing Cricket,4.902999878,-11.49199963,9.194000244,0
18,Playing Cricket,-5.822000027,-11.33899975,1.684999943,0
19,Playing Cricket,-1.225000024,-7.355000019,0,0
20,Playing Cricket,2.451999903,-11.03199959,4.902999878,0
21,Playing Cricket,-0.458999991,-12.71800041,-1.225000024,0
22,Playing Cricket,-3.217000008,-11.95199966,0.612999976,0
23,Playing Cricket,1.072999954,-9.652999878,-1.838000059,0
24,Playing Cricket,-0.305999994,-9.5,-1.378000021,0
25,Playing Cricket,-1.072000027,-9.652999878,-1.378000021,0
26,Playing Cricket,-0.611999989,-11.33899975,-2.756999969,0
27,Playing Cricket,0,-8.734000206,-2.756999969,0
28,Playing Cricket,3.523999929,-10.11299992,-0.458999991,0
29,Playing Cricket,1.531999946,-12.41100025,-1.684999943,0
30,Playing Cricket,3.371000051,-9.194000244,3.063999891,0
31,Playing Cricket,1.531999946,-8.427000046,-1.684999943,0
32,Playing Cricket,3.065000057,-8.581000328,-0.152999997,0
33,Playing Cricket,1.838999987,-9.039999962,-0.458999991,0
34,Playing Cricket,3.983999968,-9.194000244,-1.378000021,0
35,Playing Cricket,2.911000013,-9.347000122,-1.072000027,0
36,Playing Cricket,3.677999973,-8.581000328,-0.764999986,0
37,Playing Cricket,1.838999987,-10.41899967,0.91900003,0
38,Playing Cricket,5.05700016,-8.427000046,-1.378000021,0
39,Playing Cricket,3.523999929,-9.347000122,-0.764999986,0
40,Playing Cricket,3.371000051,-8.581000328,-1.531999946,0
41,Playing Cricket,0.91900003,-9.960000038,0.152999997,0
42,Playing Cricket,-1.838000059,-9.960000038,1.072000027,0
43,Playing Cricket,1.531999946,-12.41100025,1.838999987,0
44,Playing Cricket,-0.764999986,-11.64500046,-1.225000024,0
45,Playing Cricket,-1.378000021,-9.5,-1.684999943,0
46,Playing Cricket,-2.450999975,-9.194000244,-2.450999975,0
47,Playing Cricket,-3.829999924,-9.80700016,-1.225000024,0
48,Playing Cricket,-5.669000149,-9.652999878,-0.305999994,0
49,Playing Cricket,-8.119999886,-6.589000225,0.305999994,0
50,Playing Cricket,-7.81400013,-5.822000027,3.063999891,0
1,Playing Cricket,3.677999973,-19.15399933,2.298000097,0
2,Playing Cricket,-0.458999991,-8.734000206,0.152999997,0
3,Playing Cricket,3.065000057,-3.677000046,-2.604000092,0
4,Playing Cricket,3.371000051,-5.056000233,-5.974999905,0
5,Playing Cricket,5.515999794,-7.202000141,-7.967000008,0
6,Playing Cricket,19.30800056,-19.45999908,-6.894999981,0
7,Playing Cricket,12.25899982,-17.62100029,-10.57199955,0
8,Playing Cricket,2.298000097,-6.129000187,-3.98300004,0
9,Playing Cricket,-2.910000086,-6.589000225,-4.596000195,0
10,Playing Cricket,-2.756999969,-11.18599987,-3.063999891,0
11,Playing Cricket,-0.305999994,-9.347000122,-4.44299984,0
12,Playing Cricket,1.378999949,-8.734000206,-4.44299984,0
13,Playing Cricket,1.072999954,-8.887000084,-4.75,0
14,Playing Cricket,0.91900003,-8.427000046,-3.677000046,0
15,Playing Cricket,1.531999946,-8.734000206,-4.137000084,0
16,Playing Cricket,1.991999984,-7.967999935,-4.137000084,0
17,Playing Cricket,1.378999949,-8.274000168,-4.75,0
18,Playing Cricket,1.072999954,-8.734000206,-4.596000195,0
19,Playing Cricket,1.68599999,-9.347000122,-2.604000092,0
20,Playing Cricket,0,-9.347000122,-2.298000097,0
21,Playing Cricket,1.991999984,-8.427000046,-0.611999989,0
22,Playing Cricket,3.983999968,-9.5,1.838999987,0
23,Playing Cricket,-0.764999986,-10.41899967,-0.458999991,0
24,Playing Cricket,1.68599999,-10.11299992,1.072000027,0
25,Playing Cricket,0.765999973,-8.581000328,-4.289999962,0
26,Playing Cricket,4.137000084,-11.95199966,-1.684999943,0
27,Playing Cricket,-0.458999991,-8.887000084,-0.611999989,0
28,Playing Cricket,4.597000122,-8.581000328,-0.91900003,0
29,Playing Cricket,3.83100009,-8.734000206,-2.604000092,0
30,Playing Cricket,2.144999981,-10.72599983,-1.072000027,0
31,Playing Cricket,1.072999954,-9.652999878,0.91900003,0
32,Playing Cricket,2.144999981,-9.652999878,2.757999897,0
33,Playing Cricket,0.91900003,-10.26599979,-2.144999981,0
34,Playing Cricket,-2.756999969,-10.57299995,2.298000097,0
35,Playing Cricket,-3.677000046,-11.33899975,0.305999994,0
36,Playing Cricket,-3.98300004,-10.72599983,-0.305999994,0
37,Playing Cricket,-2.604000092,-8.734000206,-0.764999986,0
38,Playing Cricket,-4.749000072,-9.960000038,-2.756999969,0
39,Playing Cricket,-7.201000214,-7.047999859,3.063999891,0
40,Playing Cricket,-9.5,-3.063999891,4.443999767,0
41,Playing Cricket,-8.119999886,-5.056000233,5.362999916,0
42,Playing Cricket,-5.822000027,-5.515999794,7.815000057,0
43,Playing Cricket,-5.974999905,-2.604000092,4.137000084,0
44,Playing Cricket,-2.298000097,0,8.887000084,0
45,Playing Cricket,-2.910000086,0.765999973,8.42800045,0
46,Playing Cricket,-3.217000008,3.371000051,8.581000328,0
47,Playing Cricket,-2.910000086,4.289999962,7.048999786,0
48,Playing Cricket,-3.369999886,4.137000084,8.12100029,0
49,Playing Cricket,-3.217000008,4.289999962,8.42800045,0
50,Playing Cricket,-2.910000086,4.597000122,5.975999832,0
1,Playing Cricket,-0.917999983,-2.298000097,2.757999897,0
2,Playing Cricket,-7.660999775,-19.45999908,8.734000206,0
3,Playing Cricket,10.57299995,-3.677000046,4.289999962,0
4,Playing Cricket,-2.144000053,-14.71000004,-5.974999905,0
5,Playing Cricket,6.129000187,-13.63700008,5.056000233,0
6,Playing Cricket,3.677999973,-10.87899971,3.83100009,0
7,Playing Cricket,5.362999916,-1.991999984,0.91900003,0
8,Playing Cricket,1.531999946,-3.829999924,-4.596000195,0
9,Playing Cricket,4.902999878,-4.597000122,-8.12100029,0
10,Playing Cricket,3.065000057,-7.660999775,-8.427000046,0
11,Playing Cricket,19.30800056,-19.45999908,3.677000046,0
12,Playing Cricket,9.194000244,-18.69400024,-2.911000013,0
13,Playing Cricket,-1.225000024,-11.33899975,-4.289999962,0
14,Playing Cricket,-5.209000111,-9.5,-4.44299984,0
15,Playing Cricket,-0.305999994,-8.12100029,-5.209000111,0
16,Playing Cricket,-0.458999991,-9.960000038,-3.677000046,0
17,Playing Cricket,0.91900003,-9.039999962,-3.98300004,0
18,Playing Cricket,1.225999951,-9.194000244,-3.063999891,0
19,Playing Cricket,-0.611999989,-9.347000122,-2.298000097,0
20,Playing Cricket,-0.458999991,-9.652999878,-1.378000021,0
21,Playing Cricket,0.305999994,-9.039999962,-1.072000027,0
22,Playing Cricket,4.290999889,-9.347000122,-3.829999924,0
23,Playing Cricket,1.378999949,-10.11299992,-3.523999929,0
24,Playing Cricket,-3.063999891,-7.355000019,-0.611999989,0
25,Playing Cricket,3.523999929,-8.581000328,-3.829999924,0
26,Playing Cricket,3.523999929,-8.12100029,-4.289999962,0
27,Playing Cricket,4.443999767,-6.589000225,-1.838000059,0
28,Playing Cricket,1.531999946,-8.427000046,-1.531999946,0
29,Playing Cricket,3.523999929,-10.11299992,-3.217000008,0
30,Playing Cricket,2.451999903,-13.17800045,0.765999973,0
31,Playing Cricket,-0.305999994,-7.660999775,2.450999975,0
32,Playing Cricket,-1.225000024,-11.49199963,2.605000019,0
33,Playing Cricket,-2.298000097,-10.57299995,0.458999991,0
34,Playing Cricket,-4.749000072,-9.652999878,0.765999973,0
35,Playing Cricket,-6.587999821,-8.427000046,5.515999794,0
36,Playing Cricket,-5.822000027,-6.742000103,3.83100009,0
37,Playing Cricket,-5.514999866,-8.12100029,7.202000141,0
38,Playing Cricket,-7.354000092,-7.202000141,1.991999984,0
39,Playing Cricket,-9.19299984,-4.597000122,4.597000122,0
40,Playing Cricket,-8.732999802,-8.581000328,4.597000122,0
41,Playing Cricket,-5.209000111,-5.822000027,4.289999962,0
42,Playing Cricket,-4.902999878,-1.991999984,4.597000122,0
43,Playing Cricket,-4.136000156,-1.378999949,6.129000187,0
44,Playing Cricket,-3.98300004,0.611999989,7.507999897,0
45,Playing Cricket,-3.369999886,0.91900003,9.347000122,0
46,Playing Cricket,-5.209000111,1.072000027,9.654000282,0
47,Playing Cricket,-4.136000156,1.225000024,9.5,0
48,Playing Cricket,-5.056000233,2.757999897,7.507999897,0
49,Playing Cricket,-5.209000111,3.063999891,7.815000057,0
50,Playing Cricket,-5.209000111,3.677000046,7.815000057,0
1,Stairs,3.523999929,7.202000141,8.274000168,0
2,Stairs,6.589000225,8.581000328,7.355000019,0
3,Stairs,12.25899982,10.26599979,5.822999954,0
4,Stairs,14.55700016,4.289999962,3.677000046,0
5,Stairs,5.362999916,0.91900003,-0.458999991,0
6,Stairs,7.507999897,3.217000008,0.765999973,0
7,Stairs,9.194000244,3.829999924,1.225999951,0
8,Stairs,6.589000225,6.434999943,-0.152999997,0
9,Stairs,6.742000103,6.434999943,-5.822000027,0
10,Stairs,8.12100029,4.902999878,-7.355000019,0
11,Stairs,1.838999987,4.902999878,-11.95199966,0
12,Stairs,-9.19299984,3.217000008,9.654000282,0
13,Stairs,-1.072000027,3.371000051,-2.144999981,0
14,Stairs,-2.450999975,12.41100025,1.378999949,0
15,Stairs,-3.829999924,9.960000038,-3.369999886,0
16,Stairs,-1.838000059,16.24200058,0.612999976,0
17,Stairs,-2.604000092,10.57299995,-2.144999981,0
18,Stairs,-0.764999986,4.75,-1.225000024,0
19,Stairs,-2.910000086,6.282000065,0.152999997,0
20,Stairs,2.605000019,10.87899971,-4.902999878,0
21,Stairs,-5.514999866,19.30699921,-5.056000233,0
22,Stairs,-3.98300004,4.902999878,-1.072000027,0
23,Stairs,-2.144000053,1.991999984,-1.072000027,0
24,Stairs,-5.361999989,14.25,-0.611999989,0
25,Stairs,-3.217000008,11.95199966,-3.523999929,0
26,Stairs,0.460000008,12.25800037,0.458999991,0
27,Stairs,-0.611999989,8.887000084,0.152999997,0
28,Stairs,-1.531000018,3.829999924,-0.91900003,0
29,Stairs,-0.611999989,8.427000046,-2.450999975,0
30,Stairs,-1.991000056,7.047999859,0.305999994,0
31,Stairs,-4.902999878,13.63700008,0.612999976,0
32,Stairs,-3.523000002,3.829999924,-2.604000092,0
33,Stairs,-2.144000053,2.298000097,-0.611999989,0
34,Stairs,-2.604000092,13.02400017,-3.98300004,0
35,Stairs,-8.119999886,15.17000008,0.91900003,0
36,Stairs,-3.369999886,7.660999775,4.75,0
37,Stairs,1.072999954,8.12100029,2.144999981,0
38,Stairs,-2.450999975,5.975999832,1.378999949,0
39,Stairs,-0.611999989,6.742000103,3.677000046,0
40,Stairs,-2.450999975,9.039999962,-0.611999989,0
41,Stairs,-6.434999943,19.61400032,-3.523999929,0
42,Stairs,-5.056000233,5.515999794,-2.144999981,0
43,Stairs,-3.063999891,3.523999929,-0.764999986,0
44,Stairs,-1.991000056,7.355000019,-0.305999994,0
45,Stairs,-2.298000097,8.274000168,-1.531999946,0
46,Stairs,-6.741000175,14.71000004,-1.072000027,0
47,Stairs,-2.144000053,9.5,5.822999954,0
48,Stairs,-2.298000097,7.967999935,1.991999984,0
49,Stairs,-1.378000021,5.975999832,-0.152999997,0
50,Stairs,-0.917999983,6.742000103,1.991999984,0
1,Stairs,3.371000051,5.669000149,-2.604000092,0
2,Stairs,3.677999973,3.371000051,-3.98300004,0
3,Stairs,1.991999984,2.144999981,-3.369999886,0
4,Stairs,19.30800056,19.61400032,-5.974999905,0
5,Stairs,-8.427000046,10.87899971,-9.805999756,0
6,Stairs,-0.458999991,8.581000328,3.217999935,0
7,Stairs,-0.152999997,6.434999943,-1.531999946,0
8,Stairs,-1.838000059,5.822000027,1.991999984,0
9,Stairs,-2.450999975,15.32299995,0.612999976,0
10,Stairs,-2.144000053,18.84700012,-1.991000056,0
11,Stairs,-4.136000156,5.669000149,-1.072000027,0
12,Stairs,-1.838000059,3.217000008,0,0
13,Stairs,-3.829999924,13.17800045,-6.434999943,0
14,Stairs,-2.604000092,8.734000206,-1.991000056,0
15,Stairs,0.152999997,15.47599983,1.684999943,0
16,Stairs,-1.225000024,11.33899975,-3.677000046,0
17,Stairs,-0.764999986,5.209000111,-0.152999997,0
18,Stairs,-1.225000024,7.660999775,-1.684999943,0
19,Stairs,1.378999949,9.347000122,-2.450999975,0
20,Stairs,-2.604000092,15.62899971,-2.604000092,0
21,Stairs,-2.144000053,15.17000008,0.305999994,0
22,Stairs,-2.298000097,6.589000225,-1.991000056,0
23,Stairs,-2.910000086,3.523999929,-0.611999989,0
24,Stairs,-1.378000021,8.581000328,-2.604000092,0
25,Stairs,-4.44299984,9.80700016,-1.225000024,0
26,Stairs,-1.378000021,11.33899975,6.282000065,0
27,Stairs,0.305999994,7.660999775,-1.225000024,0
28,Stairs,0,8.581000328,-0.91900003,0
29,Stairs,0,6.434999943,1.838999987,0
30,Stairs,-0.917999983,9.5,0,0
31,Stairs,-5.056000233,19.61400032,-3.677000046,0
32,Stairs,-4.136000156,5.822000027,-1.072000027,0
33,Stairs,-2.450999975,4.597000122,-0.305999994,0
34,Stairs,-3.217000008,10.11299992,-2.298000097,0
35,Stairs,-1.225000024,8.427000046,-3.677000046,0
36,Stairs,-3.217000008,10.87899971,-4.44299984,0
37,Stairs,0.612999976,10.72599983,8.887000084,0
38,Stairs,-0.764999986,9.194000244,0.458999991,0
39,Stairs,-0.305999994,8.274000168,-0.91900003,0
40,Stairs,-1.378000021,6.282000065,3.983999968,0
41,Stairs,-1.072000027,9.039999962,1.991999984,0
42,Stairs,-4.44299984,19.00099945,-4.137000084,0
43,Stairs,-4.136000156,8.581000328,-2.756999969,0
44,Stairs,-1.991000056,5.515999794,-0.458999991,0
45,Stairs,-2.450999975,6.129000187,-1.072000027,0
46,Stairs,2.605000019,8.12100029,-2.298000097,0
47,Stairs,-2.298000097,9.194000244,-3.063999891,0
48,Stairs,-1.378000021,19.61400032,2.911000013,0
49,Stairs,0,12.25800037,-1.531999946,0
50,Stairs,-1.378000021,5.822000027,-1.378000021,0
1,Stairs,-8.427000046,8.274000168,-3.523999929,0
2,Stairs,-4.289999962,11.49199963,1.684999943,0
3,Stairs,-6.282000065,11.49199963,-0.458999991,0
4,Stairs,-3.98300004,5.975999832,0.612999976,0
5,Stairs,-0.458999991,-0.152999997,-1.531999946,0
6,Stairs,-2.604000092,0.305999994,-5.056000233,0
7,Stairs,-4.44299984,4.75,-10.41899967,0
8,Stairs,-3.677000046,5.362999916,-3.98300004,0
9,Stairs,-3.217000008,9.960000038,0,0
10,Stairs,-4.749000072,6.434999943,1.531999946,0
11,Stairs,1.68599999,6.282000065,-1.072000027,0
12,Stairs,-2.756999969,11.64500046,0.91900003,0
13,Stairs,-5.056000233,12.56499958,3.063999891,0
14,Stairs,-3.98300004,10.41899967,0.152999997,0
15,Stairs,-5.669000149,12.25800037,9.194000244,0
16,Stairs,-1.838000059,4.289999962,0.612999976,0
17,Stairs,-3.523000002,0.458999991,-4.75,0
18,Stairs,-2.144000053,2.144999981,-7.81400013,0
19,Stairs,-9.345999718,10.72599983,-7.201000214,0
20,Stairs,-1.991000056,11.95199966,-1.225000024,0
21,Stairs,-1.378000021,8.734000206,-0.611999989,0
22,Stairs,-0.917999983,10.87899971,-1.838000059,0
23,Stairs,-2.756999969,9.80700016,0.152999997,0
24,Stairs,-3.063999891,10.26599979,0.765999973,0
25,Stairs,-5.974999905,15.78299999,-1.378000021,0
26,Stairs,-3.369999886,12.87100029,-6.282000065,0
27,Stairs,-3.829999924,4.902999878,0,0
28,Stairs,-1.531000018,1.531999946,-1.684999943,0
29,Stairs,-3.063999891,3.063999891,-6.742000103,0
30,Stairs,3.371000051,12.25800037,-9.960000038,0
31,Stairs,-2.910000086,5.056000233,-4.44299984,0
32,Stairs,-0.764999986,10.11299992,0.612999976,0
33,Stairs,-5.514999866,9.80700016,5.362999916,0
34,Stairs,0.612999976,7.507999897,0.305999994,0
35,Stairs,-2.298000097,10.72599983,0.612999976,0
36,Stairs,-5.056000233,14.55700016,2.298000097,0
37,Stairs,-3.217000008,11.18599987,-1.378000021,0
38,Stairs,-6.894999981,12.87100029,4.902999878,0
39,Stairs,-1.378000021,5.822000027,-1.072000027,0
40,Stairs,-1.838000059,0.765999973,-3.98300004,0
41,Stairs,-1.072000027,2.450999975,-9.039999962,0
42,Stairs,-12.56400013,10.11299992,-10.26599979,0
43,Stairs,-2.298000097,11.95199966,-1.225000024,0
44,Stairs,-4.44299984,9.652999878,3.217999935,0
45,Stairs,0.91900003,7.047999859,0.152999997,0
46,Stairs,-1.838000059,11.03199959,1.072000027,0
47,Stairs,-4.749000072,11.79899979,1.072000027,0
48,Stairs,-2.910000086,12.25800037,-1.225000024,0
49,Stairs,-5.514999866,16.24200058,3.523999929,0
50,Stairs,-2.756999969,6.589000225,-3.369999886,0
1,Stairs,-2.298000097,9.194000244,-0.152999997,0
2,Stairs,-7.354000092,7.507999897,0.305999994,0
3,Stairs,-3.369999886,8.734000206,1.072000027,0
4,Stairs,3.523999929,9.960000038,0.91900003,0
5,Stairs,5.362999916,11.03199959,-0.305999994,0
6,Stairs,4.902999878,10.11299992,2.144999981,0
7,Stairs,5.515999794,7.81400013,4.137000084,0
8,Stairs,1.531999946,5.209000111,6.894999981,0
9,Stairs,-2.450999975,6.742000103,7.202000141,0
10,Stairs,-1.378000021,7.047999859,8.581000328,0
11,Stairs,-2.144000053,4.289999962,8.581000328,0
12,Stairs,-1.838000059,3.983999968,8.734000206,0
13,Stairs,-2.298000097,3.523999929,9.194000244,0
14,Stairs,-2.756999969,3.983999968,8.581000328,0
15,Stairs,-2.298000097,3.677000046,8.887000084,0
16,Stairs,-2.298000097,3.677000046,8.887000084,0
17,Stairs,-1.378000021,3.523999929,9.194000244,0
18,Stairs,-1.531000018,3.829999924,9.194000244,0
19,Stairs,-1.531000018,3.829999924,9.041000366,0
20,Stairs,-2.144000053,4.44299984,8.581000328,0
21,Stairs,-2.144000053,4.597000122,8.581000328,0
22,Stairs,-2.144000053,4.75,8.581000328,0
23,Stairs,-2.298000097,4.902999878,8.581000328,0
24,Stairs,-2.450999975,4.902999878,8.42800045,0
25,Stairs,-2.450999975,4.75,8.581000328,0
26,Stairs,-2.298000097,4.75,8.42800045,0
27,Stairs,-2.450999975,4.75,8.42800045,0
28,Stairs,-2.604000092,4.902999878,7.967999935,0
29,Stairs,-2.756999969,5.209000111,8.12100029,0
30,Stairs,-2.298000097,5.362999916,7.815000057,0
31,Stairs,-1.991000056,5.362999916,7.507999897,0
32,Stairs,-1.684999943,5.515999794,8.12100029,0
33,Stairs,-1.531000018,5.669000149,8.42800045,0
34,Stairs,-2.604000092,3.829999924,10.42000008,0
35,Stairs,-1.991000056,3.677000046,10.57299995,0
36,Stairs,-1.684999943,2.450999975,8.42800045,0
37,Stairs,-2.298000097,1.684999943,9.5,0
38,Stairs,-1.531000018,3.217000008,9.194000244,0
39,Stairs,-1.684999943,2.911000013,9.347000122,0
40,Stairs,-1.378000021,3.677000046,9.347000122,0
41,Stairs,-1.225000024,3.829999924,8.887000084,0
42,Stairs,-1.072000027,3.983999968,9.041000366,0
43,Stairs,-1.072000027,3.983999968,9.041000366,0
44,Stairs,-1.225000024,4.137000084,9.041000366,0
45,Stairs,-1.225000024,4.137000084,8.887000084,0
46,Stairs,-1.378000021,4.44299984,8.887000084,0
47,Stairs,-1.378000021,4.75,8.734000206,0
48,Stairs,-1.378000021,4.75,8.42800045,0
49,Stairs,-1.531000018,4.902999878,8.581000328,0
50,Stairs,-1.531000018,5.056000233,8.581000328,0
1,Stairs,10.2670002,4.137000084,1.991999984,0
2,Stairs,14.09799957,2.144999981,-0.458999991,0
3,Stairs,9.960000038,5.822000027,-1.838000059,0
4,Stairs,9.194000244,4.137000084,2.757999897,0
5,Stairs,3.065000057,6.282000065,-1.684999943,0
6,Stairs,8.12100029,6.894999981,-0.91900003,0
7,Stairs,4.902999878,6.894999981,0.305999994,0
8,Stairs,7.048999786,7.355000019,0,0
9,Stairs,5.210000038,6.129000187,-1.531999946,0
10,Stairs,4.902999878,3.063999891,-2.298000097,0
11,Stairs,19.30800056,19.61400032,16.8560009,0
12,Stairs,-3.217000008,13.94400024,-13.94400024,0
13,Stairs,-1.378000021,9.194000244,-1.991000056,0
14,Stairs,-2.298000097,4.597000122,-2.144999981,0
15,Stairs,-3.523000002,2.757999897,-6.742000103,0
16,Stairs,-6.127999783,12.87100029,-9.5,0
17,Stairs,-2.604000092,6.282000065,-1.838000059,0
18,Stairs,-1.838000059,9.960000038,-0.152999997,0
19,Stairs,-2.450999975,9.960000038,3.83100009,0
20,Stairs,1.072999954,7.507999897,-0.764999986,0
21,Stairs,-1.684999943,11.49199963,-1.684999943,0
22,Stairs,-2.298000097,12.41100025,1.838999987,0
23,Stairs,-2.450999975,13.79100037,-2.298000097,0
24,Stairs,-6.587999821,14.86299992,7.202000141,0
25,Stairs,-3.063999891,6.282000065,-3.217000008,0
26,Stairs,-3.369999886,2.757999897,-2.911000013,0
27,Stairs,-3.523000002,2.144999981,-7.660999775,0
28,Stairs,-5.514999866,17.77499962,-7.660999775,0
29,Stairs,-1.072000027,9.194000244,-0.611999989,0
30,Stairs,-1.684999943,8.734000206,-0.305999994,0
31,Stairs,-1.072000027,13.94400024,-2.756999969,0
32,Stairs,-1.225000024,8.274000168,1.072000027,0
33,Stairs,-0.611999989,11.79899979,2.911000013,0
34,Stairs,-4.44299984,16.70199966,-1.838000059,0
35,Stairs,-4.749000072,11.79899979,-3.829999924,0
36,Stairs,-3.217000008,5.056000233,0.305999994,0
37,Stairs,-0.764999986,0,-0.611999989,0
38,Stairs,-2.910000086,1.378999949,-6.434999943,0
39,Stairs,-5.209000111,13.33100033,-17.16200066,0
40,Stairs,-1.838000059,5.056000233,-1.225000024,0
41,Stairs,-1.072000027,10.41899967,0.305999994,0
42,Stairs,0.91900003,13.48400021,1.531999946,0
43,Stairs,0.152999997,6.894999981,-0.91900003,0
44,Stairs,-0.917999983,11.18599987,-0.305999994,0
45,Stairs,-2.604000092,12.56499958,1.072000027,0
46,Stairs,-1.838000059,10.87899971,9.194000244,0
47,Stairs,-0.917999983,1.838000059,-0.152999997,0
48,Stairs,-2.604000092,0.91900003,-3.523999929,0
49,Stairs,-3.98300004,1.531999946,-10.11299992,0
50,Stairs,1.531999946,8.734000206,-0.458999991,0
1,Stairs,4.443999767,7.047999859,5.822999954,0
2,Stairs,4.137000084,4.597000122,5.515999794,0
3,Stairs,4.902999878,5.975999832,4.443999767,0
4,Stairs,3.983999968,4.75,3.677000046,0
5,Stairs,5.05700016,5.975999832,4.902999878,0
6,Stairs,5.515999794,8.427000046,5.515999794,0
7,Stairs,6.895999908,10.87899971,3.677000046,0
8,Stairs,6.895999908,8.12100029,1.991999984,0
9,Stairs,5.515999794,5.056000233,0.91900003,0
10,Stairs,5.515999794,4.44299984,0.152999997,0
11,Stairs,6.282999992,8.274000168,1.072000027,0
12,Stairs,5.975999832,13.63700008,2.144999981,0
13,Stairs,6.282999992,9.80700016,3.677000046,0
14,Stairs,3.677999973,5.362999916,0.612999976,0
15,Stairs,3.217999935,5.362999916,0.91900003,0
16,Stairs,7.507999897,9.5,0.458999991,0
17,Stairs,7.815000057,12.56499958,5.056000233,0
18,Stairs,7.967999935,10.11299992,2.144999981,0
19,Stairs,5.210000038,3.829999924,1.225999951,0
20,Stairs,5.362999916,5.056000233,1.378999949,0
21,Stairs,5.210000038,6.282000065,1.838999987,0
22,Stairs,6.282999992,10.57299995,4.75,0
23,Stairs,4.902999878,11.33899975,5.975999832,0
24,Stairs,4.902999878,7.81400013,3.523999929,0
25,Stairs,3.83100009,4.597000122,2.911000013,0
26,Stairs,3.983999968,5.362999916,3.523999929,0
27,Stairs,5.210000038,7.967999935,4.443999767,0
28,Stairs,6.43599987,9.5,4.75,0
29,Stairs,4.75,9.652999878,4.443999767,0
30,Stairs,5.515999794,7.967999935,2.298000097,0
31,Stairs,4.443999767,5.362999916,1.684999943,0
32,Stairs,4.597000122,5.669000149,1.531999946,0
33,Stairs,4.902999878,7.81400013,2.144999981,0
34,Stairs,5.822999954,12.41100025,3.677000046,0
35,Stairs,5.210000038,11.79899979,4.137000084,0
36,Stairs,3.983999968,6.742000103,1.684999943,0
37,Stairs,3.217999935,4.289999962,1.684999943,0
38,Stairs,4.137000084,6.894999981,1.838999987,0
39,Stairs,5.362999916,10.72599983,2.144999981,0
40,Stairs,6.589000225,12.25800037,3.371000051,0
41,Stairs,6.282999992,10.87899971,1.991999984,0
42,Stairs,3.983999968,5.209000111,0.91900003,0
43,Stairs,3.83100009,5.515999794,0.765999973,0
44,Stairs,4.137000084,7.967999935,1.072000027,0
45,Stairs,4.597000122,10.26599979,1.991999984,0
46,Stairs,5.975999832,13.94400024,1.684999943,0
47,Stairs,4.75,9.652999878,2.144999981,0
48,Stairs,2.911000013,4.44299984,1.072000027,0
49,Stairs,3.065000057,5.209000111,1.225999951,0
50,Stairs,4.137000084,9.652999878,1.378999949,0
1,Stairs,6.282999992,7.507999897,6.589000225,0
2,Stairs,5.05700016,8.274000168,7.507999897,0
3,Stairs,4.290999889,6.434999943,5.822999954,0
4,Stairs,3.371000051,4.75,3.83100009,0
5,Stairs,3.677999973,6.434999943,3.83100009,0
6,Stairs,4.902999878,8.274000168,4.597000122,0
7,Stairs,6.129000187,9.960000038,3.217999935,0
8,Stairs,6.895999908,11.18599987,2.298000097,0
9,Stairs,5.05700016,4.44299984,0,0
10,Stairs,4.597000122,5.209000111,0.458999991,0
11,Stairs,5.362999916,9.5,0.91900003,0
12,Stairs,6.282999992,16.24200058,1.072000027,0
13,Stairs,5.05700016,10.11299992,1.684999943,0
14,Stairs,2.757999897,5.056000233,0.458999991,0
15,Stairs,2.911000013,6.129000187,0.152999997,0
16,Stairs,4.597000122,9.039999962,0.765999973,0
17,Stairs,6.282999992,12.87100029,0.152999997,0
18,Stairs,7.048999786,11.03199959,-0.305999994,0
19,Stairs,4.137000084,5.669000149,-0.305999994,0
20,Stairs,3.523999929,4.75,-0.305999994,0
21,Stairs,4.137000084,7.355000019,-0.152999997,0
22,Stairs,5.515999794,11.18599987,1.531999946,0
23,Stairs,6.589000225,13.94400024,0.91900003,0
24,Stairs,4.902999878,8.274000168,1.378999949,0
25,Stairs,2.298000097,3.677000046,0.152999997,0
26,Stairs,3.371000051,5.975999832,0.305999994,0
27,Stairs,5.515999794,10.87899971,0.91900003,0
28,Stairs,8.42800045,14.86299992,1.531999946,0
29,Stairs,6.895999908,9.194000244,-0.305999994,0
30,Stairs,4.137000084,4.75,-0.458999991,0
31,Stairs,3.983999968,5.515999794,0.305999994,0
32,Stairs,3.677999973,6.742000103,0.458999991,0
33,Stairs,6.282999992,11.64500046,1.991999984,0
34,Stairs,6.589000225,13.48400021,1.225999951,0
35,Stairs,5.210000038,7.660999775,1.531999946,0
36,Stairs,3.217999935,4.597000122,0.305999994,0
37,Stairs,3.983999968,6.282000065,0.305999994,0
38,Stairs,5.05700016,9.039999962,0.765999973,0
39,Stairs,7.815000057,11.03199959,1.072000027,0
40,Stairs,7.967999935,10.57299995,-0.305999994,0
41,Stairs,5.05700016,6.589000225,-0.305999994,0
42,Stairs,4.137000084,4.902999878,-0.152999997,0
43,Stairs,3.83100009,6.129000187,0.152999997,0
44,Stairs,4.75,8.12100029,1.072000027,0
45,Stairs,5.975999832,14.40400028,1.838999987,0
46,Stairs,6.589000225,11.64500046,1.225999951,0
47,Stairs,3.83100009,5.515999794,0.152999997,0
48,Stairs,3.065000057,4.44299984,0.152999997,0
49,Stairs,3.83100009,6.589000225,0.91900003,0
50,Stairs,5.975999832,12.71800041,0.458999991,0
1,Stairs,-2.910000086,1.531999946,6.589000225,0
2,Stairs,-2.450999975,1.991999984,7.507999897,0
3,Stairs,-2.298000097,2.298000097,9.041000366,0
4,Stairs,-1.225000024,2.144999981,13.48400021,0
5,Stairs,-1.684999943,1.225000024,13.48400021,0
6,Stairs,-0.917999983,1.378999949,8.12100029,0
7,Stairs,-0.764999986,1.531999946,7.507999897,0
8,Stairs,-1.991000056,1.991999984,8.734000206,0
9,Stairs,-1.991000056,1.684999943,11.33899975,0
10,Stairs,-4.289999962,2.298000097,9.5,0
11,Stairs,-2.298000097,1.531999946,8.887000084,0
12,Stairs,-2.604000092,1.838000059,7.507999897,0
13,Stairs,-1.991000056,2.604000092,6.742000103,0
14,Stairs,-2.144000053,2.450999975,8.734000206,0
15,Stairs,-1.072000027,2.298000097,13.79100037,0
16,Stairs,-1.072000027,1.072000027,15.32299995,0
17,Stairs,-2.144000053,1.684999943,8.12100029,0
18,Stairs,-0.917999983,1.378999949,7.660999775,0
19,Stairs,-1.072000027,1.838000059,7.815000057,0
20,Stairs,-4.289999962,1.531999946,11.95199966,0
21,Stairs,-4.44299984,2.450999975,8.734000206,0
22,Stairs,-2.604000092,1.225000024,9.960000038,0
23,Stairs,-2.450999975,1.991999984,7.815000057,0
24,Stairs,-2.144000053,2.298000097,7.967999935,0
25,Stairs,-2.298000097,2.757999897,7.815000057,0
26,Stairs,-2.450999975,2.757999897,13.02499962,0
27,Stairs,-3.063999891,1.684999943,13.17800045,0
28,Stairs,-1.072000027,1.378999949,7.355000019,0
29,Stairs,-1.838000059,1.378999949,7.507999897,0
30,Stairs,-1.684999943,1.531999946,7.202000141,0
31,Stairs,-1.225000024,2.144999981,8.581000328,0
32,Stairs,-4.596000195,1.684999943,14.86299992,0
33,Stairs,-3.063999891,1.225000024,11.49199963,0
34,Stairs,-2.756999969,0.91900003,6.282000065,0
35,Stairs,-1.838000059,1.531999946,6.589000225,0
36,Stairs,-2.298000097,2.450999975,9.041000366,0
37,Stairs,-2.298000097,2.144999981,12.25800037,0
38,Stairs,-2.450999975,0.305999994,15.32299995,0
39,Stairs,-2.144000053,1.225000024,6.742000103,0
40,Stairs,-1.378000021,0.91900003,6.894999981,0
41,Stairs,-1.072000027,1.684999943,7.355000019,0
42,Stairs,-5.209000111,1.684999943,12.4119997,0
43,Stairs,-3.523000002,0.765999973,11.79899979,0
44,Stairs,-4.136000156,0.765999973,7.660999775,0
45,Stairs,-2.298000097,1.378999949,5.822999954,0
46,Stairs,-1.531000018,1.838000059,9.347000122,0
47,Stairs,-1.991000056,1.838000059,11.79899979,0
48,Stairs,-1.838000059,2.911000013,10.72599983,0
49,Stairs,-1.072000027,1.072000027,9.654000282,0
50,Stairs,-1.072000027,0.458999991,8.734000206,0
1,Stairs,-4.749000072,2.604000092,14.2510004,0
2,Stairs,-6.127999783,1.378999949,13.63799953,0
3,Stairs,-4.136000156,1.991999984,6.589000225,0
4,Stairs,-2.450999975,1.991999984,7.048999786,0
5,Stairs,-2.604000092,2.757999897,9.194000244,0
6,Stairs,-3.217000008,2.757999897,10.26599979,0
7,Stairs,-2.604000092,2.911000013,9.194000244,0
8,Stairs,-1.838000059,1.225000024,10.26599979,0
9,Stairs,-1.991000056,1.072000027,7.660999775,0
10,Stairs,-1.838000059,1.684999943,6.43599987,0
11,Stairs,-3.217000008,2.757999897,7.202000141,0
12,Stairs,-4.289999962,2.757999897,12.56499958,0
13,Stairs,-6.434999943,1.531999946,13.48400021,0
14,Stairs,-4.136000156,0.765999973,7.507999897,0
15,Stairs,-2.450999975,1.684999943,5.362999916,0
16,Stairs,-1.838000059,2.298000097,9.5,0
17,Stairs,-3.369999886,2.757999897,11.33899975,0
18,Stairs,-5.056000233,1.531999946,13.33100033,0
19,Stairs,-1.531000018,0.305999994,7.355000019,0
20,Stairs,-1.531000018,1.225000024,5.822999954,0
21,Stairs,-3.98300004,2.757999897,7.048999786,0
22,Stairs,-4.44299984,1.378999949,11.64599991,0
23,Stairs,-4.136000156,0.91900003,8.12100029,0
24,Stairs,-4.136000156,1.991999984,7.967999935,0
25,Stairs,-1.991000056,2.144999981,7.815000057,0
26,Stairs,-3.523000002,3.063999891,10.11299992,0
27,Stairs,-3.677000046,3.371000051,12.25800037,0
28,Stairs,-1.991000056,1.684999943,6.589000225,0
29,Stairs,-1.531000018,1.531999946,5.210000038,0
30,Stairs,-3.217000008,2.911000013,8.274000168,0
31,Stairs,-4.289999962,3.217000008,10.26599979,0
32,Stairs,-4.749000072,1.838000059,9.347000122,0
33,Stairs,-4.289999962,1.838000059,6.129000187,0
34,Stairs,-1.838000059,2.144999981,6.742000103,0
35,Stairs,-2.144000053,3.063999891,7.967999935,0
36,Stairs,-3.063999891,3.371000051,15.47599983,0
37,Stairs,-4.44299984,2.298000097,14.09700012,0
38,Stairs,-1.838000059,1.838000059,6.282000065,0
39,Stairs,-1.378000021,1.378999949,5.669000149,0
40,Stairs,-2.144000053,2.604000092,8.734000206,0
41,Stairs,-5.669000149,3.983999968,6.742000103,0
42,Stairs,-6.741000175,2.757999897,10.42000008,0
43,Stairs,-5.209000111,2.144999981,6.742000103,0
44,Stairs,-2.910000086,1.838000059,6.894999981,0
45,Stairs,-1.991000056,2.757999897,8.887000084,0
46,Stairs,-2.604000092,3.063999891,12.10499954,0
47,Stairs,-4.749000072,3.063999891,13.48400021,0
48,Stairs,-1.991000056,2.298000097,6.129000187,0
49,Stairs,-1.838000059,1.684999943,6.894999981,0
50,Stairs,-1.838000059,3.523999929,8.734000206,0
